longitude,latatitude,Name,No,Jenis.Industri,Group Description,Kab.Kota,Provinsi,query,distance_from_jakarta_km
105.9706517,-6.0225497,PT. Pundi Kencana,151,Tepung,Food & Beverage,Kota Cilegon,Banten,"Kota Cilegon, Banten, Indonesia",99.03799023
106.0018947,-5.9209164,PT. Pertamina (Persero) Marketing Operation Region III Depot LPG Tj. Sekong,126,Migas Distribusi,Power & Energy,Kota Cilegon,Banten,"Kota Cilegon, Banten, Indonesia",98.73888973
105.9752979,-6.0192634,PT. Permata Dunia Sukses Utama,118,Gula Rafinasi,Agro-based industry,Kota Cilegon,Banten,"Kota Cilegon, Banten, Indonesia",98.61306826
105.983916,-5.9947979,PT. Krakatau Daya Listrik,148,PLTU,Power & Energy,Kota Cilegon,Banten,"Kota Cilegon, Banten, Indonesia",98.30769067
105.9763893,-6.0292548,PT. Cerestar Flour Mills,150,Tepung,Food & Beverage,Kota Cilegon,Banten,"Kota Cilegon, Banten, Indonesia",98.26198371
105.9984815,-5.963957,PT. Unggul Indah Cahaya,140,Petrokimia,"Petroleum, Chemicals & Plastics",Kota Cilegon,Banten,"Kota Cilegon, Banten, Indonesia",97.64881799
105.9998522,-5.9595318,PT. Dover Chemical,124,Kimia,"Petroleum, Chemicals & Plastics",Kota Cilegon,Banten,"Kota Cilegon, Banten, Indonesia",97.64232543
107.6746852,-6.5073673,PT. Bina Mentari Tunggal,612,Peternakan,Agro-based industry,Kab. Subang,Jawa Barat,"Kab. Subang, Jawa Barat, Indonesia",97.56291988
106.0001234,-5.9613943,PT. Castrol Indonesia,152,Pelumas,"Petroleum, Chemicals & Plastics",Kota Cilegon,Banten,"Kota Cilegon, Banten, Indonesia",97.55466208
105.9909027,-5.99613,PT. Krakatau Posco,131,Peleburan Logam,Metal & non-metallic minerals,Kota Cilegon,Banten,"Kota Cilegon, Banten, Indonesia",97.52135182
105.9999551,-5.9656915,PT. Trinseo Materials Indonesia,143,Petrokimia,"Petroleum, Chemicals & Plastics",Kota Cilegon,Banten,"Kota Cilegon, Banten, Indonesia",97.43825401
106.0012995,-5.9618883,PT. Standar Toyo Polymer (Statomer),136,Petrokimia,"Petroleum, Chemicals & Plastics",Kota Cilegon,Banten,"Kota Cilegon, Banten, Indonesia",97.41420883
105.9988739,-5.9705479,PT. Pertamina (Persero) Marketing Operation Region III TBBM Tanjung Gerem,127,Migas Distribusi,Power & Energy,Kota Cilegon,Banten,"Kota Cilegon, Banten, Indonesia",97.40426096
106.003673,-5.9596453,PT. Tridomain Chemicals,125,Kimia,"Petroleum, Chemicals & Plastics",Kota Cilegon,Banten,"Kota Cilegon, Banten, Indonesia",97.23328519
105.9985972,-5.9778891,PT. Lotte Chemical Titan Nusantara,141,Petrokimia,"Petroleum, Chemicals & Plastics",Kota Cilegon,Banten,"Kota Cilegon, Banten, Indonesia",97.21388097
106.0024324,-5.9666366,PT. MC PET Film Indonesia,122,Kimia,"Petroleum, Chemicals & Plastics",Kota Cilegon,Banten,"Kota Cilegon, Banten, Indonesia",97.14553154
106.0048753,-5.9693207,PT. Mitsubishi Chemical Indonesia,134,Petrokimia,"Petroleum, Chemicals & Plastics",Kota Cilegon,Banten,"Kota Cilegon, Banten, Indonesia",96.8028485
106.003148,-5.9760128,PT. BP Petrochemicals Indonesia,133,Petrokimia,"Petroleum, Chemicals & Plastics",Kota Cilegon,Banten,"Kota Cilegon, Banten, Indonesia",96.78402729
105.9987602,-5.9945716,PT. Cabot Indonesia,120,Kimia,"Petroleum, Chemicals & Plastics",Kota Cilegon,Banten,"Kota Cilegon, Banten, Indonesia",96.72060643
106.5456043,-7.0239152,PT. Indonesia Power Unit Jasa Pembangkitan Jabar 2 Pelabuhan Ratu,629,PLTU,Power & Energy,Kab. Sukabumi,Jawa Barat,"Kab. Sukabumi, Jawa Barat, Indonesia",96.61563099
106.0327603,-5.894533,PT. Indonesia Power Unit Jasa Pembangkitan Cilegon,146,PLTGU,Power & Energy,Kota Cilegon,Banten,"Kota Cilegon, Banten, Indonesia",96.54052887
106.0327603,-5.894533,PT. Indonesia Power Unit Pembangkitan Suralaya,147,PLTU,Power & Energy,Kota Cilegon,Banten,"Kota Cilegon, Banten, Indonesia",96.54052887
106.0327603,-5.894533,PT. Indonesia Power Unit Jasa Pembangkitan Banten 1 Suralaya,149,PLTU,Power & Energy,Kota Cilegon,Banten,"Kota Cilegon, Banten, Indonesia",96.54052887
106.0111022,-5.9973447,PT. NS BlueScope Indonesia,128,Pelapisan Logam,Metal & non-metallic minerals,Kota Cilegon,Banten,"Kota Cilegon, Banten, Indonesia",95.32032405
106.0094553,-6.0076382,PT. Clariant Indonesia - Tangerang Plant,139,Petrokimia,"Petroleum, Chemicals & Plastics",Kota Cilegon,Banten,"Kota Cilegon, Banten, Indonesia",95.22020386
106.04953,-5.8853118,PT. Lestari Banten Energi,73,PLTU,Power & Energy,Kab. Serang,Banten,"Kab. Serang, Banten, Indonesia",95.1968564
106.0101266,-6.0085926,PT. Archroma Indonesia,137,Petrokimia,"Petroleum, Chemicals & Plastics",Kota Cilegon,Banten,"Kota Cilegon, Banten, Indonesia",95.1229606
106.0129685,-6.0008873,PT. Hitachi Metal Indonesia,153,Magnet,Metal & non-metallic minerals,Kota Cilegon,Banten,"Kota Cilegon, Banten, Indonesia",95.0230557
106.014,-6.00322,PT. Rohm and Haas Indonesia,135,Petrokimia,"Petroleum, Chemicals & Plastics",Kota Cilegon,Banten,"Kota Cilegon, Banten, Indonesia",94.84915168
106.0131097,-6.0082595,PT. Pelat Timah Nusantara,130,Pelapisan Logam,Metal & non-metallic minerals,Kota Cilegon,Banten,"Kota Cilegon, Banten, Indonesia",94.81073847
106.0227912,-5.9944299,PT. Seamless Pipe Indonesia Jaya,145,Pipa,"Cement, Steel & heavy industry",Kota Cilegon,Banten,"Kota Cilegon, Banten, Indonesia",94.14903024
106.020118,-6.0064627,PT. Karunia Berca Indonesia,129,Pelapisan Logam,Metal & non-metallic minerals,Kota Cilegon,Banten,"Kota Cilegon, Banten, Indonesia",94.10480149
106.0646443,-5.8838347,PT. Merak Energi Indonesia,72,PLTD,Power & Energy,Kab. Serang,Banten,"Kab. Serang, Banten, Indonesia",93.71359057
106.0665332,-5.8837743,PT. BASF Indonesia,58,Kimia,"Petroleum, Chemicals & Plastics",Kab. Serang,Banten,"Kab. Serang, Banten, Indonesia",93.52333242
106.0658372,-5.887683,PT. Inti Everspring Indonesia,67,Pestisida,"Petroleum, Chemicals & Plastics",Kab. Serang,Banten,"Kab. Serang, Banten, Indonesia",93.42677513
106.067541,-5.886296,PT. Sulfindo Adiusaha,55,Kimia,"Petroleum, Chemicals & Plastics",Kab. Serang,Banten,"Kab. Serang, Banten, Indonesia",93.31193098
106.071321,-5.888224,PT. Styrindo Mono Indonesia,69,Petrokimia,"Petroleum, Chemicals & Plastics",Kab. Serang,Banten,"Kab. Serang, Banten, Indonesia",92.84299047
106.0716408,-5.8890458,PT. Nufarm Indonesia,68,Pestisida,"Petroleum, Chemicals & Plastics",Kab. Serang,Banten,"Kab. Serang, Banten, Indonesia",92.77511585
106.0755468,-5.8910271,PT. Gajah Tunggal Div. SBR,57,Kimia,"Petroleum, Chemicals & Plastics",Kab. Serang,Banten,"Kab. Serang, Banten, Indonesia",92.29105981
106.0377535,-6.0094918,PT. Krakatau Steel (Persero),132,Peleburan Logam,Metal & non-metallic minerals,Kota Cilegon,Banten,"Kota Cilegon, Banten, Indonesia",92.12865798
106.078804,-5.8949008,"PT. Polychem Indonesia, Tbk.",54,Kimia,"Petroleum, Chemicals & Plastics",Kab. Serang,Banten,"Kab. Serang, Banten, Indonesia",91.79284769
107.6047385,-6.5020787,PT. Anugrah Mutu Bersama,611,Pengolahan Kedelai,Agro-based industry,Kab. Subang,Jawa Barat,"Kab. Subang, Jawa Barat, Indonesia",90.11129736
107.5998958,-6.503734,PT. Perkebunan Nusantara VIII Kebun Jalupang,609,Karet,Petrochemicals & Plastics,Kab. Subang,Jawa Barat,"Kab. Subang, Jawa Barat, Indonesia",89.67932339
106.0757749,-5.9648622,"PT. Perusahaan Gas Negara (Persero), Tbk SBU Transmisi Sumatera-Jawa Stasiun Pagardewa",1818,Migas Distribusi,Power & Energy,Jalur Grissik â€“ Pagardewa â€“ Labuhan Maringgai â€“ Muara Bekasi dan jalur  Pagardewa â€“ Labuhan Maringgai â€“ Bojonegara,Sumatera Selatan,"Jalur Grissik â€“ Pagardewa â€“ Labuhan Maringgai â€“ Muara Bekasi dan jalur  Pagardewa â€“ Labuhan Maringgai â€“ Bojonegara, Sumatera Selatan, Indonesia",89.4341593
106.1076103,-5.9280787,PT. Gunanusa Utama Fabricators,117,Fabrikasi,Textile & Clothing,Kota Cilegon,Banten,"Kota Cilegon, Banten, Indonesia",87.46364228
106.1035484,-5.9402264,PT. Duta Sugar International,119,Gula Rafinasi,Agro-based industry,Kota Cilegon,Banten,"Kota Cilegon, Banten, Indonesia",87.4112472
106.1082279,-5.9322182,PT. Cilegon Fabricators,116,Fabrikasi,Textile & Clothing,Kota Cilegon,Banten,"Kota Cilegon, Banten, Indonesia",87.23582205
106.0986292,-5.9682446,PT. Angels Products,46,Gula Rafinasi,Agro-based industry,Kab. Serang,Banten,"Kab. Serang, Banten, Indonesia",86.91018054
106.8468603,-6.9842797,PT. Kino Indonesia Tbk,622,Kosmetik dan Household,"Pharmacy, Cosmetics, Health",Kab. Sukabumi,Jawa Barat,"Kab. Sukabumi, Jawa Barat, Indonesia",86.33019229
107.5640628,-6.5026847,PT. Papertech Indonesia,610,Kertas,"Wood, Leather & Paper",Kab. Subang,Jawa Barat,"Kab. Subang, Jawa Barat, Indonesia",85.95803649
106.8583684,-6.9767954,PT. Semen Jawa (SCG),630,Semen,"Cement, Steel & heavy industry",Kab. Sukabumi,Jawa Barat,"Kab. Sukabumi, Jawa Barat, Indonesia",85.50859129
106.8306239,-6.9748194,PT. Glostar Indonesia 2,393,Sepatu,Capital goods & automobile components,Kab. Sukabumi,Jawa Barat,"Kab. Sukabumi, Jawa Barat, Indonesia",85.29304107
106.7502367,-6.9516503,PT. Perkebunan Nusantara VIII Kebun Cibungur,620,Karet,Petrochemicals & Plastics,Kab. Sukabumi,Jawa Barat,"Kab. Sukabumi, Jawa Barat, Indonesia",83.36747537
107.5359516,-6.4997116,"PT. Japfa Comfeed Indonesia, Tbk Unit Purwakarta",601,Pakan Ternak,Food & Beverage,Kab. Purwakarta,Jawa Barat,"Kab. Purwakarta, Jawa Barat, Indonesia",82.96093855
107.509192,-6.499374,PT. Gistex Chewon Synthetic,603,Tekstil,Textile & Clothing,Kab. Purwakarta,Jawa Barat,"Kab. Purwakarta, Jawa Barat, Indonesia",80.22850115
106.9456097,-6.921532,PT. So Good Food,392,Makanan dan Minuman,Food & Beverage,Kab. Sukabumi,Jawa Barat,"Kab. Sukabumi, Jawa Barat, Indonesia",80.11217092
107.5093082,-6.4962504,PT. Gistex,604,Tekstil,Textile & Clothing,Kab. Purwakarta,Jawa Barat,"Kab. Purwakarta, Jawa Barat, Indonesia",80.10091367
106.1302729,-6.2890435,PT. Sinar Sosro Pabrik Pandeglang,45,Makanan dan Minuman,Food & Beverage,Kab. Pandeglang,Banten,"Kab. Pandeglang, Banten, Indonesia",79.65947739
107.5092988,-6.468161,PT. Perkebunan Nusantara VIII Kebun Cikumpay,595,Karet,Petrochemicals & Plastics,Kab. Purwakarta,Jawa Barat,"Kab. Purwakarta, Jawa Barat, Indonesia",78.90461106
107.22389,-6.8040993,PT. Pouyen Indonesia,395,Sepatu,Capital goods & automobile components,Kab. Sukabumi,Jawa Barat,"Kab. Sukabumi, Jawa Barat, Indonesia",78.37477965
107.0398491,-6.8666639,PT. Tirta Investama Pabrik Cianjur,538,Air Minum Dalam Kemasan,Food & Beverage,Kab. Cianjur,Jawa Barat,"Kab. Cianjur, Jawa Barat, Indonesia",76.32301602
107.0226244,-6.8670352,PT. Pratama Abadi Industri - Suka Bumi,394,Sepatu,Capital goods & automobile components,Kab. Sukabumi,Jawa Barat,"Kab. Sukabumi, Jawa Barat, Indonesia",75.84878545
107.2843726,-6.7293375,PLTA Cirata,427,PLTA,Power & Energy,Kab. Bandung Barat,Jawa Barat,"Kab. Bandung Barat, Jawa Barat, Indonesia",75.58867769
107.4809375,-6.4339069,"PT. Indofood CBP Sukses Makmur, Tbk (Food Ingredients Division) Purwakarta Branch",598,Makanan dan Minuman,Food & Beverage,Kab. Purwakarta,Jawa Barat,"Kab. Purwakarta, Jawa Barat, Indonesia",74.62977889
106.9535691,-6.8649236,PT. Perkebunan Nusantara VIII Pabrik CR I Sukamaju,621,Karet,Petrochemicals & Plastics,Kab. Sukabumi,Jawa Barat,"Kab. Sukabumi, Jawa Barat, Indonesia",74.01302508
107.4101544,-6.5531083,"PT. Indo-Rama Synthetics, Tbk.",606,Polyester,Textile & Clothing,Kab. Purwakarta,Jawa Barat,"Kab. Purwakarta, Jawa Barat, Indonesia",73.28158124
107.458,-6.44845,PT. Besland Pertiwi (Kawasan Industri Kota Bukit Indah),596,Kawasan Industri,"Cement, Steel & heavy industry",Kab. Purwakarta,Jawa Barat,"Kab. Purwakarta, Jawa Barat, Indonesia",72.8209092
107.4524582,-6.4514776,PT. Nissan Motor Indonesia,599,Otomotif,Capital goods & automobile components,Kab. Purwakarta,Jawa Barat,"Kab. Purwakarta, Jawa Barat, Indonesia",72.37570641
107.4543829,-6.4434397,"PT. Indopoly Swakarsa Industry, Tbk.",602,Plastik,"Wood, Leather & Paper",Kab. Purwakarta,Jawa Barat,"Kab. Purwakarta, Jawa Barat, Indonesia",72.24544777
107.4528902,-6.4444167,PT. Indofood CBP Sukses Makmur (Div.Biskuit),597,Makanan dan Minuman,Food & Beverage,Kab. Purwakarta,Jawa Barat,"Kab. Purwakarta, Jawa Barat, Indonesia",72.13091652
107.4486858,-6.4469761,PT. Hino Motors Manufacturing Indonesia,600,Otomotif,Capital goods & automobile components,Kab. Purwakarta,Jawa Barat,"Kab. Purwakarta, Jawa Barat, Indonesia",71.80236794
106.215626,-6.1352,PT. Intercipta Kimia Pratama,51,Kimia,"Petroleum, Chemicals & Plastics",Kab. Serang,Banten,"Kab. Serang, Banten, Indonesia",70.20104402
107.4437658,-6.4000716,PT. Pertamina (Persero) Marketing Operation Region III TBBM Cikampek,578,Migas Distribusi,Power & Energy,Kab. Karawang,Jawa Barat,"Kab. Karawang, Jawa Barat, Indonesia",69.52679034
106.7819263,-6.8299042,PT. Triusaha Mitraraharja,626,Makanan dan Minuman,Food & Beverage,Kab. Sukabumi,Jawa Barat,"Kab. Sukabumi, Jawa Barat, Indonesia",69.50275913
107.4305817,-6.4338705,PT. Astra Honda Motor Karawang Plant,587,Otomotif,Capital goods & automobile components,Kab. Karawang,Jawa Barat,"Kab. Karawang, Jawa Barat, Indonesia",69.40562341
107.4004085,-6.4951211,PT. South Pacific Viscose,605,Rayon,Textile & Clothing,Kab. Purwakarta,Jawa Barat,"Kab. Purwakarta, Jawa Barat, Indonesia",69.16568818
107.4311674,-6.4090655,PT. Clariant Kujang Catalysts,563,Kimia,"Petroleum, Chemicals & Plastics",Kab. Karawang,Jawa Barat,"Kab. Karawang, Jawa Barat, Indonesia",68.51986289
107.4296466,-6.4124416,PT. Pupuk Kujang,589,Pupuk,Agro-based industry,Kab. Karawang,Jawa Barat,"Kab. Karawang, Jawa Barat, Indonesia",68.48408079
107.4187869,-6.4244492,PT. Indotaisei Indah Development,557,Kawasan Industri,"Cement, Steel & heavy industry",Kab. Karawang,Jawa Barat,"Kab. Karawang, Jawa Barat, Indonesia",67.81242189
107.4170316,-6.4216795,PT. Indonesia Nippon Steel Pipe,572,Komponen Otomotif,Capital goods & automobile components,Kab. Karawang,Jawa Barat,"Kab. Karawang, Jawa Barat, Indonesia",67.5221405
107.4144587,-6.4196912,"PT. Honda Precision Parts, MFG",583,Otomotif,Capital goods & automobile components,Kab. Karawang,Jawa Barat,"Kab. Karawang, Jawa Barat, Indonesia",67.17808523
106.772139,-6.8067244,PT. Kariyana Gita Utama,627,Peternakan,Agro-based industry,Kab. Sukabumi,Jawa Barat,"Kab. Sukabumi, Jawa Barat, Indonesia",67.05873193
107.4060214,-6.4198055,PT. Sumi Rubber Indonesia,553,Ban,Capital goods & automobile components,Kab. Karawang,Jawa Barat,"Kab. Karawang, Jawa Barat, Indonesia",66.30873183
106.7654591,-6.7959749,PT. Asia Health Energi Beverages,624,Makanan dan Minuman,Food & Beverage,Kab. Sukabumi,Jawa Barat,"Kab. Sukabumi, Jawa Barat, Indonesia",65.96629302
107.404119,-6.415888,"PT. Asahimas Flat Glass, Tbk. Cikampek Plant",556,Kaca,Glass,Kab. Karawang,Jawa Barat,"Kab. Karawang, Jawa Barat, Indonesia",65.95845088
106.7617984,-6.7918143,PT. Tirta Investama - Babakan Pari,619,Air Minum Dalam Kemasan,Food & Beverage,Kab. Sukabumi,Jawa Barat,"Kab. Sukabumi, Jawa Barat, Indonesia",65.56338384
106.7780507,-6.7935841,PT. Aqua Golden Mississippi,512,Air Minum Dalam Kemasan,Food & Beverage,Kab. Bogor,Jawa Barat,"Kab. Bogor, Jawa Barat, Indonesia",65.52922696
106.7780507,-6.7935841,PT. Aqua Golden Mississippi Mekarsari,618,Air Minum Dalam Kemasan,Food & Beverage,Kab. Sukabumi,Jawa Barat,"Kab. Sukabumi, Jawa Barat, Indonesia",65.52922696
106.6457332,-6.7416681,PT. Indonesia Power UPJP Kamojang Unit PLTP Gunung Salak,537,PLTP,Power & Energy,"Kab. Bogor, Kab. Sukabumi",Jawa Barat,"Kab. Bogor, Kab. Sukabumi, Jawa Barat, Indonesia",63.30795622
106.7829275,-6.7737251,PT. Yakult Indonesia Persada,633,Susu,Food & Beverage,Kab. Sukabumi,Jawa Barat,"Kab. Sukabumi, Jawa Barat, Indonesia",63.27210353
106.7821054,-6.7721911,PT. Indolakto Factory Cicurug Milk,631,Susu,Food & Beverage,Kab. Sukabumi,Jawa Barat,"Kab. Sukabumi, Jawa Barat, Indonesia",63.11242454
106.7821054,-6.7721911,PT. Indolakto Factory Ice Cream,632,Susu,Food & Beverage,Kab. Sukabumi,Jawa Barat,"Kab. Sukabumi, Jawa Barat, Indonesia",63.11242454
106.7800495,-6.7706399,PT. Djojonegoro C-1000,625,Makanan dan Minuman,Food & Beverage,Kab. Sukabumi,Jawa Barat,"Kab. Sukabumi, Jawa Barat, Indonesia",62.96659976
106.7908375,-6.7664802,PT. Amerta Indah Otsuka,623,Makanan dan Minuman,Food & Beverage,Kab. Sukabumi,Jawa Barat,"Kab. Sukabumi, Jawa Barat, Indonesia",62.37950764
106.673137,-6.7409489,Star Energy Geothermal (Salak) Ltd.,628,PLTP,Power & Energy,Kab. Sukabumi,Jawa Barat,"Kab. Sukabumi, Jawa Barat, Indonesia",62.23805945
106.801837,-6.765747,"PT. Akasha Wira International, Tbk.",511,Air Minum Dalam Kemasan,Food & Beverage,Kab. Bogor,Jawa Barat,"Kab. Bogor, Jawa Barat, Indonesia",62.19177775
107.370772,-6.3896581,PT. Heinz ABC Indonesia - Plant Karawang,574,Makanan dan Minuman,Food & Beverage,Kab. Karawang,Jawa Barat,"Kab. Karawang, Jawa Barat, Indonesia",61.49925689
107.3690638,-6.3869832,PT. ABC President Indonesia,573,Makanan dan Minuman,Food & Beverage,Kab. Karawang,Jawa Barat,"Kab. Karawang, Jawa Barat, Indonesia",61.22370344
106.5641974,-6.6633428,PT. Aneka Tambang (Persero) Tbk. Unit Bisnis Pertambangan Emas Pongkor,535,Tambang Mineral,Metal & non-metallic minerals,Kab. Bogor,Jawa Barat,"Kab. Bogor, Jawa Barat, Indonesia",59.41102257
106.3146436,-6.1853215,"PT. Malindo Feedmill, Tbk - Unit Cikande",65,Pakan Ternak,Food & Beverage,Kab. Serang,Banten,"Kab. Serang, Banten, Indonesia",58.81821623
107.3496692,-6.3716856,PT. Changsin Indonesia,590,Sepatu,Capital goods & automobile components,Kab. Karawang,Jawa Barat,"Kab. Karawang, Jawa Barat, Indonesia",58.64963784
107.332499,-6.4111126,PT. Musashi Auto Parts Indonesia,571,Komponen Otomotif,Capital goods & automobile components,Kab. Karawang,Jawa Barat,"Kab. Karawang, Jawa Barat, Indonesia",58.39265309
106.320619,-6.185227,PT. Mitsuba Indonesia-Serang,52,Kimia,"Petroleum, Chemicals & Plastics",Kab. Serang,Banten,"Kab. Serang, Banten, Indonesia",58.15806149
106.320984,-6.180976,PT. Indonesia Nippon Seiki,59,Otomotif,Capital goods & automobile components,Kab. Serang,Banten,"Kab. Serang, Banten, Indonesia",58.14119725
106.3229458,-6.1611635,PT. Nikomas Gemilang,49,Kawasan Industri,"Cement, Steel & heavy industry",Kab. Serang,Banten,"Kab. Serang, Banten, Indonesia",58.08502134
106.3212056,-6.1941555,PT. Samator,77,Gas,Oil & Gas refining,Kab. Serang,Banten,"Kab. Serang, Banten, Indonesia",58.05638285
107.3346059,-6.3964754,PT. Bridgestone Tire Indonesia - Karawang Plant,552,Ban,Capital goods & automobile components,Kab. Karawang,Jawa Barat,"Kab. Karawang, Jawa Barat, Indonesia",58.00177446
107.3360942,-6.391261,PT. Bekaert Indonesia,579,Otomotif,Capital goods & automobile components,Kab. Karawang,Jawa Barat,"Kab. Karawang, Jawa Barat, Indonesia",57.94964227
107.3443014,-6.3637479,PT. Inni Pioneer Food Industry,575,Makanan dan Minuman,Food & Beverage,Kab. Karawang,Jawa Barat,"Kab. Karawang, Jawa Barat, Indonesia",57.8156941
107.3440611,-6.3626325,PT. Trigunapratama Abadi,561,Kertas,"Wood, Leather & Paper",Kab. Karawang,Jawa Barat,"Kab. Karawang, Jawa Barat, Indonesia",57.75342658
107.3334442,-6.3828035,PT. Suryacipta Swadaya,559,Kawasan Industri,"Cement, Steel & heavy industry",Kab. Karawang,Jawa Barat,"Kab. Karawang, Jawa Barat, Indonesia",57.3506835
107.3315951,-6.3829258,PT. JVC Electronics Indonesia,554,Elektronik,Capital goods & automobile components,Kab. Karawang,Jawa Barat,"Kab. Karawang, Jawa Barat, Indonesia",57.16276411
106.8221679,-6.7213579,PT. Futami Food & Beverages,522,Makanan dan Minuman,Food & Beverage,Kab. Bogor,Jawa Barat,"Kab. Bogor, Jawa Barat, Indonesia",57.12058679
107.3306615,-6.3821501,PT. Chunpao Steel Indonesia,588,Pengolahan Logam,Metal & non-metallic minerals,Kab. Karawang,Jawa Barat,"Kab. Karawang, Jawa Barat, Indonesia",57.03635553
106.330664,-6.1886654,"PT. Charoen Pokhpand Indonesia, Tbk - Cikande",66,Pengolahan Daging,Agro-based industry,Kab. Serang,Banten,"Kab. Serang, Banten, Indonesia",57.03105908
106.3334023,-6.1856625,PT. Yasunaga Indonesia,60,Otomotif,Capital goods & automobile components,Kab. Serang,Banten,"Kab. Serang, Banten, Indonesia",56.74257755
106.3337625,-6.1797279,PT. Cargill Indonesia Serang,64,Pakan Ternak,Food & Beverage,Kab. Serang,Banten,"Kab. Serang, Banten, Indonesia",56.73687289
106.3384517,-6.1815503,PT. Parkland World Indonesia,74,Sepatu,Capital goods & automobile components,Kab. Serang,Banten,"Kab. Serang, Banten, Indonesia",56.20737628
106.3402376,-6.1658716,PT. Cheil Jedang Superfeed,62,Pakan Ternak,Food & Beverage,Kab. Serang,Banten,"Kab. Serang, Banten, Indonesia",56.13230676
106.3414124,-6.1562043,PT. Arwana Nuansakeramik - Serang Plant,50,Keramik,Capital goods & automobile components,Kab. Serang,Banten,"Kab. Serang, Banten, Indonesia",56.10526772
106.339588,-6.184971,PT. Astrindo Lestari Kimia,56,Kimia,"Petroleum, Chemicals & Plastics",Kab. Serang,Banten,"Kab. Serang, Banten, Indonesia",56.06234514
107.3133727,-6.3809674,PT. Chemco Harapan Nusantara,568,Komponen Otomotif,Capital goods & automobile components,Kab. Karawang,Jawa Barat,"Kab. Karawang, Jawa Barat, Indonesia",55.19422997
106.3505182,-6.2615489,PT. Platinum Resins Indonesia,53,Kimia,"Petroleum, Chemicals & Plastics",Kab. Serang,Banten,"Kab. Serang, Banten, Indonesia",55.10033861
106.8292881,-6.7025903,PT. Tirta Fresindo Jaya - Cimande Plant,524,Makanan dan Minuman,Food & Beverage,Kab. Bogor,Jawa Barat,"Kab. Bogor, Jawa Barat, Indonesia",55.00215808
106.3513359,-6.2600008,PT. Mega Kharisma Makmur,48,Kabel,Capital goods & automobile components,Kab. Serang,Banten,"Kab. Serang, Banten, Indonesia",54.99230715
106.3520475,-6.2603609,PT. Citra Mahasurya Industries,47,Kabel,Capital goods & automobile components,Kab. Serang,Banten,"Kab. Serang, Banten, Indonesia",54.91814541
107.3155908,-6.3641536,PT. Honda Prospect Motor,584,Otomotif,Capital goods & automobile components,Kab. Karawang,Jawa Barat,"Kab. Karawang, Jawa Barat, Indonesia",54.80602662
106.8323991,-6.6989111,PT. Tirta Fresindo Jaya,513,Air Minum Dalam Kemasan,Food & Beverage,Kab. Bogor,Jawa Barat,"Kab. Bogor, Jawa Barat, Indonesia",54.58252466
106.3560023,-6.230356,PT. Japfa Comfeed Indonesia Tbk - Serang,63,Pakan Ternak,Food & Beverage,Kab. Serang,Banten,"Kab. Serang, Banten, Indonesia",54.23415046
106.3568408,-6.2315855,PT. Dystar Colours Indonesia - Gabus Plant,71,Pewarna Tekstil,Textile & Clothing,Kab. Serang,Banten,"Kab. Serang, Banten, Indonesia",54.14763563
106.8405158,-6.6949988,PT. Tirta Investama (Aqua) Ciherang,510,Air Minum Dalam Kemasan,Food & Beverage,Kab. Bogor,Jawa Barat,"Kab. Bogor, Jawa Barat, Indonesia",54.13039749
106.8405158,-6.6949988,PT. Tirta Investama - Bogor,514,Air Minum Dalam Kemasan,Food & Beverage,Kab. Bogor,Jawa Barat,"Kab. Bogor, Jawa Barat, Indonesia",54.13039749
106.3614062,-6.2224005,PT. Wonokoyo Jaya Kusuma - Cikande Serang,61,Pakan Ternak,Food & Beverage,Kab. Serang,Banten,"Kab. Serang, Banten, Indonesia",53.60474534
107.3137752,-6.3230963,PT. Pindo Deli Pulp And Paper Mills 1,560,Kertas,"Wood, Leather & Paper",Kab. Karawang,Jawa Barat,"Kab. Karawang, Jawa Barat, Indonesia",53.34629824
106.3641373,-6.214159,PT. Colorindo Aneka Chemicals,70,Pewarna Tekstil,Textile & Clothing,Kab. Serang,Banten,"Kab. Serang, Banten, Indonesia",53.28481047
106.3643969,-6.220144,PT. Sari Daya Plasindo,76,Plastizer,"Petroleum, Chemicals & Plastics",Kab. Serang,Banten,"Kab. Serang, Banten, Indonesia",53.26746093
107.301487,-6.3567021,PT. Exedy Manufacturing Indonesia,569,Komponen Otomotif,Capital goods & automobile components,Kab. Karawang,Jawa Barat,"Kab. Karawang, Jawa Barat, Indonesia",53.0645645
107.2927212,-6.3740307,PT. Sharp Electronics Indonesia,555,Elektronik,Capital goods & automobile components,Kab. Karawang,Jawa Barat,"Kab. Karawang, Jawa Barat, Indonesia",52.78358863
106.3690599,-6.2278723,PT. Shinta Woo Sung,75,Tekstil,Textile & Clothing,Kab. Serang,Banten,"Kab. Serang, Banten, Indonesia",52.77885788
106.845839,-6.680349,PT. Jakarana Tama - Bogor,523,Makanan dan Minuman,Food & Beverage,Kab. Bogor,Jawa Barat,"Kab. Bogor, Jawa Barat, Indonesia",52.49667557
107.2948483,-6.3566023,PT. Toyota Motor Manufacturing Indonesia - Karawang Plant,585,Otomotif,Capital goods & automobile components,Kab. Karawang,Jawa Barat,"Kab. Karawang, Jawa Barat, Indonesia",52.36326581
107.2787734,-6.3621588,PT. Indonesia Nikka Chemicals (Inkali),564,Kimia,"Petroleum, Chemicals & Plastics",Kab. Karawang,Jawa Barat,"Kab. Karawang, Jawa Barat, Indonesia",50.88177191
107.2813737,-6.3534849,PT. Yamaha Indonesia Motor Manufacturing West Java Factory,581,Otomotif,Capital goods & automobile components,Kab. Karawang,Jawa Barat,"Kab. Karawang, Jawa Barat, Indonesia",50.83910278
107.2794587,-6.3583622,PT. Toyobesq Precision Parts Indonesia,472,Komponen Otomotif,Capital goods & automobile components,Kab. Bekasi,Jawa Barat,"Kab. Bekasi, Jawa Barat, Indonesia",50.81329818
107.2756281,-6.3606534,PT. Maligi Permata Industrial Estate,558,Kawasan Industri,"Cement, Steel & heavy industry",Kab. Karawang,Jawa Barat,"Kab. Karawang, Jawa Barat, Indonesia",50.49776952
107.2744144,-6.357092,PT. Fuji Technica Indonesia,570,Komponen Otomotif,Capital goods & automobile components,Kab. Karawang,Jawa Barat,"Kab. Karawang, Jawa Barat, Indonesia",50.23970805
107.2712233,-6.3634747,PT. Yamaha Motor Parts Manufacturing Indonesia,582,Otomotif,Capital goods & automobile components,Kab. Karawang,Jawa Barat,"Kab. Karawang, Jawa Barat, Indonesia",50.14565104
107.2743977,-6.3539392,PT. Astra Daihatsu Motor - Casting Plant,565,Komponen Otomotif,Capital goods & automobile components,Kab. Karawang,Jawa Barat,"Kab. Karawang, Jawa Barat, Indonesia",50.12384169
107.2652695,-6.3771998,PT. Sumitomo S.H.I. Construction Machinery Indonesia,577,Mesin,Capital goods & automobile components,Kab. Karawang,Jawa Barat,"Kab. Karawang, Jawa Barat, Indonesia",50.07866671
107.2684311,-6.3661359,PT. Astra Nippon Gasket Indonesia,566,Komponen Otomotif,Capital goods & automobile components,Kab. Karawang,Jawa Barat,"Kab. Karawang, Jawa Barat, Indonesia",49.95859674
107.2790002,-6.3058095,PT. AT Indonesia,567,Komponen Otomotif,Capital goods & automobile components,Kab. Karawang,Jawa Barat,"Kab. Karawang, Jawa Barat, Indonesia",49.1602648
106.8432916,-6.6488243,PT. Nutrifood Indonesia,663,Makanan dan Minuman,Food & Beverage,Kota Bogor,Jawa Barat,"Kota Bogor, Jawa Barat, Indonesia",48.98802026
107.2736366,-6.29799,PT. Bukit Muria Jaya,562,Kertas,"Wood, Leather & Paper",Kab. Karawang,Jawa Barat,"Kab. Karawang, Jawa Barat, Indonesia",48.39565539
106.4291035,-6.091266,PT. Japfa Comfeed Indonesia Tbk - Tangerang,97,Pakan Ternak,Food & Beverage,Kab. Tangerang,Banten,"Kab. Tangerang, Banten, Indonesia",47.9169476
106.831102,-6.6376663,PT. Unitex Tbk.,664,Tekstil,Textile & Clothing,Kota Bogor,Jawa Barat,"Kota Bogor, Jawa Barat, Indonesia",47.77217672
106.4234474,-6.2238547,PT. Doulton,110,Tableware,Capital goods & automobile components,Kab. Tangerang,Banten,"Kab. Tangerang, Banten, Indonesia",46.74758119
106.4245071,-6.2268495,PT. Charoen Pokphand Indonesia-Balaraja Tangerang,95,Pakan Ternak,Food & Beverage,Kab. Tangerang,Banten,"Kab. Tangerang, Banten, Indonesia",46.64345343
106.8130554,-6.6202736,PT. Boehringer Ingelheim Indonesia,662,Farmasi,"Pharmacy, Cosmetics, Health",Kota Bogor,Jawa Barat,"Kota Bogor, Jawa Barat, Indonesia",45.95034864
107.216828,-6.3872245,PT. Mitsubishi Krama Yuda Motor & Manufacturing,287,Otomotif,Capital goods & automobile components,Kota Jakarta Timur,DKI Jakarta,"Kota Jakarta Timur, DKI Jakarta, Indonesia",45.6275223
106.4618655,-6.0593514,PT. Indonesia Power Unit Jasa Pembangkitan Lontar,105,PLTU,Power & Energy,Kab. Tangerang,Banten,"Kab. Tangerang, Banten, Indonesia",45.61300818
106.4498568,-6.1978253,PT. EDS Manufacturing Indonesia,88,Komponen Otomotif,Capital goods & automobile components,Kab. Tangerang,Banten,"Kab. Tangerang, Banten, Indonesia",43.81279616
106.4531268,-6.2022878,PT. Sumber Graha Sejahtera Unit Balaraja - Tangerang,82,Kayu Lapis,"Wood, Leather & Paper",Kab. Tangerang,Banten,"Kab. Tangerang, Banten, Indonesia",43.4397875
106.4543656,-6.1985636,PT. Adis Dimension Footwear,109,Sepatu,Capital goods & automobile components,Kab. Tangerang,Banten,"Kab. Tangerang, Banten, Indonesia",43.31174988
107.1882347,-6.3842493,PT. SGMW Motor Indonesia,586,Otomotif,Capital goods & automobile components,Kab. Karawang,Jawa Barat,"Kab. Karawang, Jawa Barat, Indonesia",42.6489232
106.4605565,-6.2114668,PT. Freetrend,107,Sepatu,Capital goods & automobile components,Kab. Tangerang,Banten,"Kab. Tangerang, Banten, Indonesia",42.61227319
106.7956387,-6.5772895,PT. Goodyear Indonesia Tbk,661,Ban,Capital goods & automobile components,Kota Bogor,Jawa Barat,"Kota Bogor, Jawa Barat, Indonesia",41.39477232
106.4742411,-6.2226091,PT. Spinmill Indah Industry,113,Tekstil,Textile & Clothing,Kab. Tangerang,Banten,"Kab. Tangerang, Banten, Indonesia",41.12524464
107.2084717,-6.2634306,PT. Granitoguna Building Ceramics,459,Keramik,Capital goods & automobile components,Kab. Bekasi,Jawa Barat,"Kab. Bekasi, Jawa Barat, Indonesia",40.6142814
106.4794027,-6.2068328,PT. So Good Food Manufacturing,100,Pengolahan Daging,Agro-based industry,Kab. Tangerang,Banten,"Kab. Tangerang, Banten, Indonesia",40.52632041
106.4799016,-6.2124014,"PT. Surya Toto Indonesia, Tbk. - Cikupa Plant",83,Keramik,Capital goods & automobile components,Kab. Tangerang,Banten,"Kab. Tangerang, Banten, Indonesia",40.47235119
107.1735638,-6.366723,PT. Jababeka Tbk.,457,Kawasan Industri,"Cement, Steel & heavy industry",Kab. Bekasi,Jawa Barat,"Kab. Bekasi, Jawa Barat, Indonesia",40.32499641
107.1762559,-6.359946,PT. Astra Daido Steel Indonesia,476,Komponen Otomotif,Capital goods & automobile components,Kab. Bekasi,Jawa Barat,"Kab. Bekasi, Jawa Barat, Indonesia",40.27243822
107.1614566,-6.3617033,PT. Hankook Tire Indonesia,437,Ban,Capital goods & automobile components,Kab. Bekasi,Jawa Barat,"Kab. Bekasi, Jawa Barat, Indonesia",38.87598432
106.4967539,-6.2078244,PT. Alko Mandiri,102,Pengolahan Logam,Metal & non-metallic minerals,Kab. Tangerang,Banten,"Kab. Tangerang, Banten, Indonesia",38.60565508
106.5024599,-6.2180799,PT. Feprotama Pertiwi,96,Pakan Ternak,Food & Beverage,Kab. Tangerang,Banten,"Kab. Tangerang, Banten, Indonesia",37.98783958
107.156596,-6.3472411,PT. Lippo Cikarang Tbk.,458,Kawasan Industri,"Cement, Steel & heavy industry",Kab. Bekasi,Jawa Barat,"Kab. Bekasi, Jawa Barat, Indonesia",37.70734561
106.50603,-6.2193138,PT. Putra Bangun Citra Mandiri,103,Pengolahan Logam,Metal & non-metallic minerals,Kab. Tangerang,Banten,"Kab. Tangerang, Banten, Indonesia",37.59689736
106.5070499,-6.209538,PT. Forisa Nusapersada,91,Makanan dan Minuman,Food & Beverage,Kab. Tangerang,Banten,"Kab. Tangerang, Banten, Indonesia",37.4661282
106.5085173,-6.2100314,PT. Indofood Fritolay Makmur - Cikupa,92,Makanan dan Minuman,Food & Beverage,Kab. Tangerang,Banten,"Kab. Tangerang, Banten, Indonesia",37.3038866
106.5089641,-6.2177779,PT. Rinnai Indonesia,114,Kompor Gas,Capital goods & automobile components,Kab. Tangerang,Banten,"Kab. Tangerang, Banten, Indonesia",37.26741246
106.5118905,-6.209695,PT. Inoac Polytechno Indonesia,89,Komponen Otomotif,Capital goods & automobile components,Kab. Tangerang,Banten,"Kab. Tangerang, Banten, Indonesia",36.93047705
106.5122383,-6.2050716,PT. KMK Global Sports,106,Sepatu,Capital goods & automobile components,Kab. Tangerang,Banten,"Kab. Tangerang, Banten, Indonesia",36.89429254
107.1403267,-6.3425597,PT. Kyosha Indonesia,446,Elektronik,Capital goods & automobile components,Kab. Bekasi,Jawa Barat,"Kab. Bekasi, Jawa Barat, Indonesia",35.85245845
107.1395366,-6.3439885,PT. Hyundai Inti Development,456,Kawasan Industri,"Cement, Steel & heavy industry",Kab. Bekasi,Jawa Barat,"Kab. Bekasi, Jawa Barat, Indonesia",35.83942481
106.5300047,-6.1760778,PT. Victory Chingluh,108,Sepatu,Capital goods & automobile components,Kab. Tangerang,Banten,"Kab. Tangerang, Banten, Indonesia",35.11582376
107.1318668,-6.3427346,PT. LG Innotek Indonesia,448,Elektronik,Capital goods & automobile components,Kab. Bekasi,Jawa Barat,"Kab. Bekasi, Jawa Barat, Indonesia",35.01139494
106.8317082,-6.5204159,PT. Sutrakabel Intimandiri,515,Kabel,Capital goods & automobile components,Kab. Bogor,Jawa Barat,"Kab. Bogor, Jawa Barat, Indonesia",34.72701814
107.1303242,-6.335081,PT. Furukawa Automotive Systems Indonesia,576,Mesin,Capital goods & automobile components,Kab. Karawang,Jawa Barat,"Kab. Karawang, Jawa Barat, Indonesia",34.50131931
107.1401622,-6.3074721,PT. Mulia Glass,453,Kaca,Glass,Kab. Bekasi,Jawa Barat,"Kab. Bekasi, Jawa Barat, Indonesia",34.39751221
107.1457289,-6.2885797,PT. Muhtomas,499,Pengolahan Limbah B3 dan Peleburan Timah Hitam,"Cement, Steel & heavy industry",Kab. Bekasi,Jawa Barat,"Kab. Bekasi, Jawa Barat, Indonesia",34.37978251
107.0383596,-6.4480388,PT. Belfoods Indonesia,529,Pengolahan Daging,Agro-based industry,Kab. Bogor,Jawa Barat,"Kab. Bogor, Jawa Barat, Indonesia",34.12225806
106.5393298,-6.2334194,PT. Galvindo Intiselaras,98,Pelapisan Logam,Metal & non-metallic minerals,Kab. Tangerang,Banten,"Kab. Tangerang, Banten, Indonesia",34.00391016
107.1437697,-6.2733188,PT. ICI Paints Indonesia,438,Cat,"Petroleum, Chemicals & Plastics",Kab. Bekasi,Jawa Barat,"Kab. Bekasi, Jawa Barat, Indonesia",33.76899274
107.1330499,-6.31002,PT. Muliakeramik Indahraya,460,Keramik,Capital goods & automobile components,Kab. Bekasi,Jawa Barat,"Kab. Bekasi, Jawa Barat, Indonesia",33.74627078
106.541524,-6.1861221,PT. Bina Adi Daya,78,Cat,"Petroleum, Chemicals & Plastics",Kab. Tangerang,Banten,"Kab. Tangerang, Banten, Indonesia",33.74590408
107.1431297,-6.2751064,PT. Yasulor Indonesia,444,Consumer Goods,Capital goods & automobile components,Kab. Bekasi,Jawa Barat,"Kab. Bekasi, Jawa Barat, Indonesia",33.74273571
107.1400265,-6.2842521,PT. Mattel Indonesia,477,Mainan,Capital goods & automobile components,Kab. Bekasi,Jawa Barat,"Kab. Bekasi, Jawa Barat, Indonesia",33.64718928
106.5419531,-6.2223632,PT. Torabika Eka Semesta,90,Kopi,Food & Beverage,Kab. Tangerang,Banten,"Kab. Tangerang, Banten, Indonesia",33.63709242
107.1224378,-6.3281678,PT. East Jakarta Industrial Park (EJIP),455,Kawasan Industri,"Cement, Steel & heavy industry",Kab. Bekasi,Jawa Barat,"Kab. Bekasi, Jawa Barat, Indonesia",33.3927699
106.5443175,-6.2244223,PT. Savoria Kreasi Rasa (Nestle Indonesia - Cikupa),93,Makanan dan Minuman,Food & Beverage,Kab. Tangerang,Banten,"Kab. Tangerang, Banten, Indonesia",33.38682046
107.1229481,-6.3232536,PT. Walsin Lippo Industries,495,Pelapisan Logam,Metal & non-metallic minerals,Kab. Bekasi,Jawa Barat,"Kab. Bekasi, Jawa Barat, Indonesia",33.23108837
107.1350295,-6.2872254,PT. Samsung Electronics Indonesia,471,Komponen Otomotif,Capital goods & automobile components,Kab. Bekasi,Jawa Barat,"Kab. Bekasi, Jawa Barat, Indonesia",33.19749483
107.1239618,-6.3188246,PT. Hanwa Kimia Indonesia,465,Kimia,"Petroleum, Chemicals & Plastics",Kab. Bekasi,Jawa Barat,"Kab. Bekasi, Jawa Barat, Indonesia",33.14945769
107.1336365,-6.2893049,PT. International Paint Indonesia,439,Cat,"Petroleum, Chemicals & Plastics",Kab. Bekasi,Jawa Barat,"Kab. Bekasi, Jawa Barat, Indonesia",33.11067466
106.5486654,-6.1786539,PT. Agarindo Bogatama,115,Agar-agar,Food & Beverage,Kab. Tangerang,Banten,"Kab. Tangerang, Banten, Indonesia",33.03204408
107.1317092,-6.2918455,"PT. Unilever Indonesia, Tbk - Pabrik Cikarang",443,Consumer Goods,Capital goods & automobile components,Kab. Bekasi,Jawa Barat,"Kab. Bekasi, Jawa Barat, Indonesia",32.9835308
106.5721629,-6.3266536,PT. LG Electronic Indonesia - Tangerang Plant,80,Elektronik,Capital goods & automobile components,Kab. Tangerang,Banten,"Kab. Tangerang, Banten, Indonesia",32.98030769
107.1168343,-6.3279052,PT. Indonesia Epson Industry,445,Elektronik,Capital goods & automobile components,Kab. Bekasi,Jawa Barat,"Kab. Bekasi, Jawa Barat, Indonesia",32.81306802
107.1145176,-6.3316651,PT. Sakura Java Indonesia - Plant I,470,Komponen Otomotif,Capital goods & automobile components,Kab. Bekasi,Jawa Barat,"Kab. Bekasi, Jawa Barat, Indonesia",32.75127955
107.1307455,-6.2873715,PT. KAO Indonesia,442,Consumer Goods,Capital goods & automobile components,Kab. Bekasi,Jawa Barat,"Kab. Bekasi, Jawa Barat, Indonesia",32.74471288
107.1303517,-6.2883489,PT. Nissin Foods Indonesia,482,Makanan dan Minuman,Food & Beverage,Kab. Bekasi,Jawa Barat,"Kab. Bekasi, Jawa Barat, Indonesia",32.73197586
106.8788413,-6.500519,PT. Sumiden Serasi Wire Products,528,Pelapisan Logam,Metal & non-metallic minerals,Kab. Bogor,Jawa Barat,"Kab. Bogor, Jawa Barat, Indonesia",32.68565473
107.13197,-6.279083,PT. Showa Indonesia Manufacturing,487,Otomotif,Capital goods & automobile components,Kab. Bekasi,Jawa Barat,"Kab. Bekasi, Jawa Barat, Indonesia",32.64207559
107.1168917,-6.3208863,"PT. Kalbe Farma, Tbk.",452,Farmasi,"Pharmacy, Cosmetics, Health",Kab. Bekasi,Jawa Barat,"Kab. Bekasi, Jawa Barat, Indonesia",32.51116514
106.8737283,-6.4985373,PT. Sugizindo,534,Susu,Food & Beverage,Kab. Bogor,Jawa Barat,"Kab. Bogor, Jawa Barat, Indonesia",32.40725831
107.110514,-6.3280205,PT. Aisin Indonesia,475,Komponen Otomotif,Capital goods & automobile components,Kab. Bekasi,Jawa Barat,"Kab. Bekasi, Jawa Barat, Indonesia",32.17990795
107.1245259,-6.2871715,PT. Rudolf Chemicals Indonesia,463,Kimia,"Petroleum, Chemicals & Plastics",Kab. Bekasi,Jawa Barat,"Kab. Bekasi, Jawa Barat, Indonesia",32.07596147
107.1229907,-6.2888551,PT. Cikarang Listrindo,505,PLTGU,Power & Energy,Kab. Bekasi,Jawa Barat,"Kab. Bekasi, Jawa Barat, Indonesia",31.96424408
106.5579302,-6.1851569,PT. Bando Indonesia,94,Otomotif,Capital goods & automobile components,Kab. Tangerang,Banten,"Kab. Tangerang, Banten, Indonesia",31.94429533
107.107746,-6.3278978,PT. Tsukasa Manufacturing Of Indonesia,473,Komponen Otomotif,Capital goods & automobile components,Kab. Bekasi,Jawa Barat,"Kab. Bekasi, Jawa Barat, Indonesia",31.89546848
106.5587495,-6.2016891,"PT. Sumi Indo Kabel, Tbk",157,Kabel,Capital goods & automobile components,Kota Tangerang,Banten,"Kota Tangerang, Banten, Indonesia",31.7546206
106.5617626,-6.1944001,PT. Pratapa Nirmala Fahrenheit,81,Farmasi,"Pharmacy, Cosmetics, Health",Kab. Tangerang,Banten,"Kab. Tangerang, Banten, Indonesia",31.45228733
106.5639363,-6.1906059,PT. IRC Inoac Indonesia,159,Komponen Otomotif,Capital goods & automobile components,Kota Tangerang,Banten,"Kota Tangerang, Banten, Indonesia",31.23663856
106.564145,-6.188588,PT. Kansai Prakasa Coating,154,Ban,Capital goods & automobile components,Kota Tangerang,Banten,"Kota Tangerang, Banten, Indonesia",31.22900077
106.5635721,-6.2023424,PT. Dellifood Sentosa Corpindo,164,Makanan dan Minuman,Food & Beverage,Kota Tangerang,Banten,"Kota Tangerang, Banten, Indonesia",31.21931447
106.5653145,-6.2040404,PT. Mayora Indah Tbk.-Jatake,165,Makanan dan Minuman,Food & Beverage,Kota Tangerang,Banten,"Kota Tangerang, Banten, Indonesia",31.02270976
106.8693134,-6.4863686,PT. Astra Komponen Indonesia,520,Komponen Otomotif,Capital goods & automobile components,Kab. Bogor,Jawa Barat,"Kab. Bogor, Jawa Barat, Indonesia",31.01404658
107.1132798,-6.2880201,PT. Gunung Baja Konstruksi,494,Pelapisan Logam,Metal & non-metallic minerals,Kab. Bekasi,Jawa Barat,"Kab. Bekasi, Jawa Barat, Indonesia",30.90711558
106.5663741,-6.2136329,PT. Tritunggal Multi Chemical,86,Kimia,"Petroleum, Chemicals & Plastics",Kab. Tangerang,Banten,"Kab. Tangerang, Banten, Indonesia",30.90546424
107.1144941,-6.2781334,PT. Gunung Raja Paksi,497,Peleburan Logam,Metal & non-metallic minerals,Kab. Bekasi,Jawa Barat,"Kab. Bekasi, Jawa Barat, Indonesia",30.74143642
107.1106113,-6.2896246,"PT. Indofood CBP Sukses Makmur, Food Seasoning Division - Plant Bekasi",481,Makanan dan Minuman,Food & Beverage,Kab. Bekasi,Jawa Barat,"Kab. Bekasi, Jawa Barat, Indonesia",30.67611911
107.1106113,-6.2896246,"PT. Indofood CBP Sukses Makmur, Tbk Noodle Division - Plant Bekasi",484,Makanan dan Minuman,Food & Beverage,Kab. Bekasi,Jawa Barat,"Kab. Bekasi, Jawa Barat, Indonesia",30.67611911
107.1052814,-6.3029158,PT. Kansai Paint Indonesia,441,Cat,"Petroleum, Chemicals & Plastics",Kab. Bekasi,Jawa Barat,"Kab. Bekasi, Jawa Barat, Indonesia",30.58732262
107.1025365,-6.307483,PT. Sumco Indonesia,449,Elektronik,Capital goods & automobile components,Kab. Bekasi,Jawa Barat,"Kab. Bekasi, Jawa Barat, Indonesia",30.48161863
107.1033561,-6.305092,PT. Yamaha Music Manufacturing Asia,450,Elektronik,Capital goods & automobile components,Kab. Bekasi,Jawa Barat,"Kab. Bekasi, Jawa Barat, Indonesia",30.47161036
107.0995868,-6.3116408,PT. Kayaba Indonesia,580,Otomotif,Capital goods & automobile components,Kab. Karawang,Jawa Barat,"Kab. Karawang, Jawa Barat, Indonesia",30.34890374
107.0957529,-6.3205368,PT. Coca Cola Bottling Indonesia - Cibitung Plant,479,Makanan dan Minuman,Food & Beverage,Kab. Bekasi,Jawa Barat,"Kab. Bekasi, Jawa Barat, Indonesia",30.34862426
106.9231332,-6.4699239,PT. Prasadha Pamunah Limbah Industri,530,Pengolahan Limbah B3,Waste,Kab. Bogor,Jawa Barat,"Kab. Bogor, Jawa Barat, Indonesia",30.31143191
106.5720407,-6.2207476,PT. Non Ferindo Utama,101,Pengolahan Limbah B3,Waste,Kab. Tangerang,Banten,"Kab. Tangerang, Banten, Indonesia",30.30278572
106.5738768,-6.2202029,PT. Arai Rubber Seal Indonesia,87,Komponen Otomotif,Capital goods & automobile components,Kab. Tangerang,Banten,"Kab. Tangerang, Banten, Indonesia",30.09718058
107.1028709,-6.2956397,PT. Astra Honda Motor Cikarang Plant,492,Otomotif,Capital goods & automobile components,Kab. Bekasi,Jawa Barat,"Kab. Bekasi, Jawa Barat, Indonesia",30.06683341
107.0960982,-6.3127742,PT. Yamaha Motor Electronics Indonesia,490,Otomotif,Capital goods & automobile components,Kab. Bekasi,Jawa Barat,"Kab. Bekasi, Jawa Barat, Indonesia",30.04013976
107.0942361,-6.3118892,PT. Jotun Indonesia,440,Cat,"Petroleum, Chemicals & Plastics",Kab. Bekasi,Jawa Barat,"Kab. Bekasi, Jawa Barat, Indonesia",29.81206029
107.0964498,-6.3023726,PT. Federal Nittan industries,469,Komponen Otomotif,Capital goods & automobile components,Kab. Bekasi,Jawa Barat,"Kab. Bekasi, Jawa Barat, Indonesia",29.64980925
106.5791039,-6.2179141,PT. YKK AP Indonesia,104,Pengolahan Logam,Metal & non-metallic minerals,Kab. Tangerang,Banten,"Kab. Tangerang, Banten, Indonesia",29.50942064
106.5796818,-6.2009854,PT. Propan Raya ICC Plant II,79,Cat,"Petroleum, Chemicals & Plastics",Kab. Tangerang,Banten,"Kab. Tangerang, Banten, Indonesia",29.44108777
106.5796818,-6.2009854,PT. Propan Raya ICC Plant I,156,Cat,"Petroleum, Chemicals & Plastics",Kota Tangerang,Banten,"Kota Tangerang, Banten, Indonesia",29.44108777
107.0967972,-6.2933095,PT. JFE Shoji Steel Indonesia,501,Pengolahan Logam,Metal & non-metallic minerals,Kab. Bekasi,Jawa Barat,"Kab. Bekasi, Jawa Barat, Indonesia",29.34708864
107.0793934,-6.3315752,PT. Kawasaki Motor Indonesia c.q. PT. Dan Motor Indonesia,491,Otomotif,Capital goods & automobile components,Kab. Bekasi,Jawa Barat,"Kab. Bekasi, Jawa Barat, Indonesia",29.26041617
106.8902202,-6.4673748,"PT. Indocement Tunggal Prakarsa, Tbk. - Pabrik Citeureup",533,Semen,"Cement, Steel & heavy industry",Kab. Bogor,Jawa Barat,"Kab. Bogor, Jawa Barat, Indonesia",29.20872392
107.0977893,-6.2835657,PT. Unipack Indosystems,504,Plastik,"Wood, Leather & Paper",Kab. Bekasi,Jawa Barat,"Kab. Bekasi, Jawa Barat, Indonesia",29.12285873
107.0951983,-6.2859581,PT. Wiraswasta Gemilang Indonesia,498,Pengolahan Limbah B3,Waste,Kab. Bekasi,Jawa Barat,"Kab. Bekasi, Jawa Barat, Indonesia",28.92616466
106.9269075,-6.4548698,"PT. Holcim Indonesia, Tbk Pabrik Narogong",532,Semen,"Cement, Steel & heavy industry",Kab. Bogor,Jawa Barat,"Kab. Bogor, Jawa Barat, Indonesia",28.83561847
107.085597,-6.3084972,PT. Essar Indonesia,500,Pengolahan Logam,Metal & non-metallic minerals,Kab. Bekasi,Jawa Barat,"Kab. Bekasi, Jawa Barat, Indonesia",28.78449796
106.8945605,-6.4624704,PT. Armindo Catur Pratama,526,Pelapisan Logam,Metal & non-metallic minerals,Kab. Bogor,Jawa Barat,"Kab. Bogor, Jawa Barat, Indonesia",28.75735472
106.5867923,-6.189174,PT. Mitsuba Indonesia-Tangerang,167,Pelapisan Logam,Metal & non-metallic minerals,Kota Tangerang,Banten,"Kota Tangerang, Banten, Indonesia",28.72466826
107.0899665,-6.2947354,PT. Denso Indonesia - Bekasi Plant,486,Otomotif,Capital goods & automobile components,Kab. Bekasi,Jawa Barat,"Kab. Bekasi, Jawa Barat, Indonesia",28.68470327
107.08844,-6.296701,PT. Yutaka Manufacturing Indonesia,474,Komponen Otomotif,Capital goods & automobile components,Kab. Bekasi,Jawa Barat,"Kab. Bekasi, Jawa Barat, Indonesia",28.59962551
106.9397547,-6.4472602,PT. Galvindo Ampuh,527,Pelapisan Logam,Metal & non-metallic minerals,Kab. Bogor,Jawa Barat,"Kab. Bogor, Jawa Barat, Indonesia",28.52002448
107.0917674,-6.2829274,PT. YKK Zipco Indonesia,496,Pelapisan Logam,Metal & non-metallic minerals,Kab. Bekasi,Jawa Barat,"Kab. Bekasi, Jawa Barat, Indonesia",28.46426609
107.0917674,-6.2829274,PT. YKK Zipper Indonesia,507,Tekstil dan Barang Logam,Textile & Clothing,Kab. Bekasi,Jawa Barat,"Kab. Bekasi, Jawa Barat, Indonesia",28.46426609
106.5888264,-6.2211,PT. Indah Jaya Tekstil Industry,170,Tekstil,Textile & Clothing,kota tangerang,Banten,"kota tangerang, Banten, Indonesia",28.4489674
107.0951802,-6.262894,PT. Panasonic Gobel Energy Indonesia,451,Elektronik,Capital goods & automobile components,Kab. Bekasi,Jawa Barat,"Kab. Bekasi, Jawa Barat, Indonesia",28.26856544
106.9019029,-6.4558323,PT. Parisindo Pratama,519,Kertas,"Wood, Leather & Paper",Kab. Bogor,Jawa Barat,"Kab. Bogor, Jawa Barat, Indonesia",28.20023973
107.0837352,-6.2981369,PT. LG Electronics Indonesia - Cikarang Plant,447,Elektronik,Capital goods & automobile components,Kab. Bekasi,Jawa Barat,"Kab. Bekasi, Jawa Barat, Indonesia",28.16704454
107.0905312,-6.2744159,PT. Excel Metal Industry,468,Komponen Otomotif,Capital goods & automobile components,Kab. Bekasi,Jawa Barat,"Kab. Bekasi, Jawa Barat, Indonesia",28.07214208
107.0916343,-6.2672899,PT. Sinar Sosro - Pabrik Cibitung,483,Makanan dan Minuman,Food & Beverage,Kab. Bekasi,Jawa Barat,"Kab. Bekasi, Jawa Barat, Indonesia",27.99502776
106.59502,-6.183393,PT. Filamendo Sakti,169,Tekstil,Textile & Clothing,Kota Tangerang,Banten,"Kota Tangerang, Banten, Indonesia",27.8748186
107.0777341,-6.2946764,PT. Megalopolis Manunggal Industrial Development (MM2100),454,Kawasan Industri,"Cement, Steel & heavy industry",Kab. Bekasi,Jawa Barat,"Kab. Bekasi, Jawa Barat, Indonesia",27.41008721
106.9651437,-6.4239291,PT. Federal Izumi Manufacturing,521,Komponen Otomotif,Capital goods & automobile components,Kab. Bogor,Jawa Barat,"Kab. Bogor, Jawa Barat, Indonesia",27.36155638
107.0782622,-6.2783417,PT. Chuhatsu Indonesia,467,Komponen Otomotif,Capital goods & automobile components,Kab. Bekasi,Jawa Barat,"Kab. Bekasi, Jawa Barat, Indonesia",26.88614381
106.6057397,-6.1930305,PT. Bumi Tangerang Mesindotama,163,Makanan dan Minuman,Food & Beverage,Kota Tangerang,Banten,"Kota Tangerang, Banten, Indonesia",26.60250816
107.0452707,-6.0798929,PT. Pertamina EP Asset 3 - Tambun Field,509,Migas EP,Power & Energy,"Kab. Bekasi, Kab. Karawang",Jawa Barat,"Kab. Bekasi, Kab. Karawang, Jawa Barat, Indonesia",26.34761711
106.9326783,-6.4224791,PT. Mercedes - Benz Indonesia,536,Komponen Otomotif,Capital goods & automobile components,Kab. Bogor,Jawa Barat,"Kab. Bogor, Jawa Barat, Indonesia",25.66763751
106.6221971,-6.1635276,PT. Indonesia Toray Synthetics,174,Tekstil,Textile & Clothing,Kota Tangerang,Banten,"Kota Tangerang, Banten, Indonesia",25.2317719
106.6224606,-6.1672396,PT. Indonesia Synthetics Textile Mills,173,Tekstil,Textile & Clothing,Kota Tangerang,Banten,"Kota Tangerang, Banten, Indonesia",25.12381352
106.8566199,-6.4304139,PT. Taisho Pharmaceutical Indonesia Tbk.,674,Farmasi,"Pharmacy, Cosmetics, Health",Kota Depok,Jawa Barat,"Kota Depok, Jawa Barat, Indonesia",24.7041333
106.6238245,-6.1926876,PT. Sulindafin,171,Tekstil,Textile & Clothing,Kota Tangerang,Banten,"Kota Tangerang, Banten, Indonesia",24.6085453
106.9685048,-6.3929746,PT. KIA Keramik Mas,518,Keramik,Capital goods & automobile components,Kab. Bogor,Jawa Barat,"Kab. Bogor, Jawa Barat, Indonesia",24.60579791
106.9642619,-6.3933035,PT. American Standard Indonesia,517,Keramik,Capital goods & automobile components,Kab. Bogor,Jawa Barat,"Kab. Bogor, Jawa Barat, Indonesia",24.38031744
106.625624,-6.213567,PT. Indofood Fritolay Makmur - Tangerang Plant,161,Makanan dan Minuman,Food & Beverage,Kota Tangerang,Banten,"Kota Tangerang, Banten, Indonesia",24.34963296
106.6269973,-6.2082305,"PT. Argo Pantes, Tbk.",168,Tekstil,Textile & Clothing,Kota Tangerang,Banten,"Kota Tangerang, Banten, Indonesia",24.19197835
106.9677417,-6.3873647,PT. Bukaka Teknik Utama Tbk.,525,Mesin,Capital goods & automobile components,Kab. Bogor,Jawa Barat,"Kab. Bogor, Jawa Barat, Indonesia",24.04029755
106.6311064,-6.2178379,PT. Yuasa Battery Indonesia,155,Baterai,Capital goods & automobile components,Kota Tangerang,Banten,"Kota Tangerang, Banten, Indonesia",23.75843397
106.6532908,-6.2990224,PT. Zinkpower Austrindo,99,Pelapisan Logam,Metal & non-metallic minerals,Kab. Tangerang,Banten,"Kab. Tangerang, Banten, Indonesia",23.53302008
107.0506636,-6.2641914,PT. Citra Galvanizing Indonesia,493,Pelapisan Logam,Metal & non-metallic minerals,Kab. Bekasi,Jawa Barat,"Kab. Bekasi, Jawa Barat, Indonesia",23.51648975
106.8577138,-6.4196099,PT. San Miguel Pure Foods Indonesia,683,Pengolahan Daging,Agro-based industry,Kota Depok,Jawa Barat,"Kota Depok, Jawa Barat, Indonesia",23.50956943
107.0509133,-6.2594712,PT. Binder Indonesia,502,Pengolahan Logam,Metal & non-metallic minerals,Kab. Bekasi,Jawa Barat,"Kab. Bekasi, Jawa Barat, Indonesia",23.41103593
106.8576759,-6.4182815,PT. Abbott Indonesia,673,Farmasi,"Pharmacy, Cosmetics, Health",Kota Depok,Jawa Barat,"Kota Depok, Jawa Barat, Indonesia",23.36169457
106.6399721,-6.2540585,PT. Indorama Ventures Indonesia (SK Keris),112,Tekstil,Textile & Clothing,Kab. Tangerang,Banten,"Kab. Tangerang, Banten, Indonesia",23.30698893
106.6403236,-6.1701796,PT. Pertamina (Persero) Marketing Operation Region III SHAFTHI,166,Migas Distribusi,Power & Energy,Kota Tangerang,Banten,"Kota Tangerang, Banten, Indonesia",23.12040891
106.639444,-6.2283912,"PT. Surya Toto Indonesia, Tbk. - Divisi Fitting Serpong",175,Keramik,Capital goods & automobile components,Kota Tangerang Selatan,Banten,"Kota Tangerang Selatan, Banten, Indonesia",22.91842515
106.6395839,-6.2257818,"PT. Tifico Fiber Indonesia, Tbk.",111,Tekstil,Textile & Clothing,Kab. Tangerang,Banten,"Kab. Tangerang, Banten, Indonesia",22.87718595
106.6409105,-6.2357967,PT. Pratama Abadi Industri,177,Sepatu,Capital goods & automobile components,Kota Tangerang Selatan,Banten,"Kota Tangerang Selatan, Banten, Indonesia",22.85061077
106.9726327,-6.3703451,PT. Voksel Electric Tbk.,516,Kabel,Capital goods & automobile components,Kab. Bogor,Jawa Barat,"Kab. Bogor, Jawa Barat, Indonesia",22.8279649
107.0409731,-6.2684033,PT. Delta Djakarta Tbk,480,Makanan dan Minuman,Food & Beverage,Kab. Bekasi,Jawa Barat,"Kab. Bekasi, Jawa Barat, Indonesia",22.61654684
107.0434902,-6.2591482,PT. 3M Indonesia,503,Plastik,"Wood, Leather & Paper",Kab. Bekasi,Jawa Barat,"Kab. Bekasi, Jawa Barat, Indonesia",22.60574835
107.0427908,-6.2598219,PT. Sinar Sosro KPB Tambun,485,Makanan dan Minuman,Food & Beverage,Kab. Bekasi,Jawa Barat,"Kab. Bekasi, Jawa Barat, Indonesia",22.54955308
107.0379703,-6.2619082,PT. Toyogiri Iron Steel,508,Peleburan Baja,"Cement, Steel & heavy industry",Kab. Bekasi,Jawa Barat,"Kab. Bekasi, Jawa Barat, Indonesia",22.09475351
106.847062,-6.40525,PT. Cimanggis Sakti,678,Kimia,"Petroleum, Chemicals & Plastics",Kota Depok,Jawa Barat,"Kota Depok, Jawa Barat, Indonesia",21.87338725
106.8463248,-6.405158,PT. Indo Lysaght,679,Kimia,"Petroleum, Chemicals & Plastics",Kota Depok,Jawa Barat,"Kota Depok, Jawa Barat, Indonesia",21.86269436
107.0369586,-6.2571182,PT. Suzuki Indomobil Motor - Tambun 2/4 W,488,Otomotif,Capital goods & automobile components,Kab. Bekasi,Jawa Barat,"Kab. Bekasi, Jawa Barat, Indonesia",21.8495618
107.0369586,-6.2571182,PT. Suzuki Indomobil Motor - Tambun 1/2W,489,Otomotif,Capital goods & automobile components,Kab. Bekasi,Jawa Barat,"Kab. Bekasi, Jawa Barat, Indonesia",21.8495618
106.8626615,-6.4034291,PT. Panasonic Industrial Components Indonesia,671,Elektronik,Capital goods & automobile components,Kota Depok,Jawa Barat,"Kota Depok, Jawa Barat, Indonesia",21.75216774
106.8610274,-6.4022226,PT. Yanmar Diesel Indonesia,681,Mesin,Capital goods & automobile components,Kota Depok,Jawa Barat,"Kota Depok, Jawa Barat, Indonesia",21.60333223
106.8635138,-6.401925,PT. Xacti Indonesia,672,Elektronik,Capital goods & automobile components,Kota Depok,Jawa Barat,"Kota Depok, Jawa Barat, Indonesia",21.59382136
107.0388785,-6.1956429,PT. Pabrik Kertas Noree Indonesia,461,Kertas,"Wood, Leather & Paper",Kab. Bekasi,Jawa Barat,"Kab. Bekasi, Jawa Barat, Indonesia",21.43964758
106.996661,-6.088581,PT. PJB Unit Pembangkit Muara Tawar,506,PLTGU,Power & Energy,Kab. Bekasi,Jawa Barat,"Kab. Bekasi, Jawa Barat, Indonesia",21.41323339
106.8648214,-6.3984236,PT. Tang Mas,669,Air Minum Dalam Kemasan,Food & Beverage,Kota Depok,Jawa Barat,"Kota Depok, Jawa Barat, Indonesia",21.21973679
106.6596542,-6.1655123,PT. Winner Sumbiri Knitting Factory,172,Tekstil,Textile & Clothing,Kota Tangerang,Banten,"Kota Tangerang, Banten, Indonesia",21.1344402
107.0248178,-6.2609803,PT. Sumi Asih,464,Kimia,"Petroleum, Chemicals & Plastics",Kab. Bekasi,Jawa Barat,"Kab. Bekasi, Jawa Barat, Indonesia",20.66682697
107.0006444,-6.3116831,PT. Logam Jaya Abadi Plant 1,657,Peleburan Logam,Metal & non-metallic minerals,Kota Bekasi,Jawa Barat,"Kota Bekasi, Jawa Barat, Indonesia",20.63038618
106.8683778,-6.3876944,PT. Medifarma Laboratories,676,Farmasi,"Pharmacy, Cosmetics, Health",Kota Depok,Jawa Barat,"Kota Depok, Jawa Barat, Indonesia",20.07733705
106.6749339,-6.1547704,PT. Timuraya Tunggal,85,Kimia,"Petroleum, Chemicals & Plastics",Kab. Tangerang,Banten,"Kab. Tangerang, Banten, Indonesia",19.82114638
106.9995185,-6.296883,PT. Pengolahan limbah industri Bekasi,658,Pengolahan Limbah B3,Waste,Kota Bekasi,Jawa Barat,"Kota Bekasi, Jawa Barat, Indonesia",19.65513577
106.6836023,-6.1591782,PT. Iron Wire Works Indonesia,158,Kabel,Capital goods & automobile components,Kota Tangerang,Banten,"Kota Tangerang, Banten, Indonesia",18.75893675
106.6832657,-6.1606569,PT. Indofood CBP Sukses Makmur - Noodle Division - Kota Tangerang,160,Makanan dan Minuman,Food & Beverage,Kota Tangerang,Banten,"Kota Tangerang, Banten, Indonesia",18.74683514
106.684302,-6.1619102,PT. Multi Bintang Indonesia Tbk.,162,Makanan dan Minuman,Food & Beverage,Kota Tangerang,Banten,"Kota Tangerang, Banten, Indonesia",18.59732464
106.863434,-6.3747141,PT. BASF Care Chemicals Indonesia,677,Kimia,"Petroleum, Chemicals & Plastics",Kota Depok,Jawa Barat,"Kota Depok, Jawa Barat, Indonesia",18.57865325
106.9838239,-6.3033224,PT. Mikie Oleo Nabati Industri,652,Minyak Goreng,Food & Beverage,Kota Bekasi,Jawa Barat,"Kota Bekasi, Jawa Barat, Indonesia",18.56755744
106.6857433,-6.1598829,PT. Pelita Cengkareng Paper,84,Kertas,"Wood, Leather & Paper",Kab. Tangerang,Banten,"Kab. Tangerang, Banten, Indonesia",18.50938513
106.8616617,-6.3735849,PT. Bayer Indonesia - Cimanggis Plant,675,Farmasi,"Pharmacy, Cosmetics, Health",Kota Depok,Jawa Barat,"Kota Depok, Jawa Barat, Indonesia",18.43372749
106.8618859,-6.3717345,PT. Lasallefood Indonesia,680,Makanan dan Minuman,Food & Beverage,Kota Depok,Jawa Barat,"Kota Depok, Jawa Barat, Indonesia",18.2311482
107.008525,-6.22531,PT. Ispat Bukit Baja,660,Pengolahan Logam,Metal & non-metallic minerals,Kota Bekasi,Jawa Barat,"Kota Bekasi, Jawa Barat, Indonesia",18.12401585
106.6950006,-6.1601475,PT. Bakrie Building Industri,257,Industri Bahan Bangunan,"Cement, Steel & heavy industry",Kota Jakarta Barat,DKI Jakarta,"Kota Jakarta Barat, DKI Jakarta, Indonesia",17.52359977
106.8591387,-6.3644564,"PT. PGN (Persero), Tbk. - Offtake Cimanggis",682,Migas Distribusi,Power & Energy,Kota Depok,Jawa Barat,"Kota Depok, Jawa Barat, Indonesia",17.39629664
106.7112933,-6.2835218,PT. Indah Kiat Pulp & Paper - Tangerang Mills,176,Kertas dan Pulp,"Wood, Leather & Paper",Kota Tangerang Selatan,Banten,"Kota Tangerang Selatan, Banten, Indonesia",17.03345101
106.9981275,-6.2023944,PT. Braja Mukti Cakra,466,Komponen Otomotif,Capital goods & automobile components,Kab. Bekasi,Jawa Barat,"Kab. Bekasi, Jawa Barat, Indonesia",16.89478626
106.9504529,-6.0997832,PT. Asianagro Agungjaya,310,Minyak Goreng,Food & Beverage,Kota Jakarta Utara,DKI Jakarta,"Kota Jakarta Utara, DKI Jakarta, Indonesia",16.78846357
106.8599535,-6.357968,PT. Energizer Indonesia,670,Baterai,Capital goods & automobile components,Kota Depok,Jawa Barat,"Kota Depok, Jawa Barat, Indonesia",16.68515263
106.7052427,-6.1626026,"PT. Mulia Knitting Factory, Ltd.",256,Tekstil,Textile & Clothing,Kota Jakarta Barat,DKI Jakarta,"Kota Jakarta Barat, DKI Jakarta, Indonesia",16.36131002
106.7297933,-6.1189894,PT. Garuda Metalindo,302,Komponen Otomotif,Capital goods & automobile components,Kota Jakarta Utara,DKI Jakarta,"Kota Jakarta Utara, DKI Jakarta, Indonesia",16.2525371
106.861828,-6.3525346,PT. Panasonic Manufacturing Indonesia,261,Elektronik,Capital goods & automobile components,Kota Jakarta Timur,DKI Jakarta,"Kota Jakarta Timur, DKI Jakarta, Indonesia",16.10496669
106.8654098,-6.3508322,PT. Actavis Indonesia,266,Farmasi,"Pharmacy, Cosmetics, Health",Kota Jakarta Timur,DKI Jakarta,"Kota Jakarta Timur, DKI Jakarta, Indonesia",15.96622502
106.8633898,-6.3510696,PT. PFIZER Indonesia,265,Farmasi,"Pharmacy, Cosmetics, Health",Kota Jakarta Timur,DKI Jakarta,"Kota Jakarta Timur, DKI Jakarta, Indonesia",15.96330029
106.9886717,-6.1986426,PT. Bakrie Metal Industries,656,Pelapisan Logam,Metal & non-metallic minerals,Kota Bekasi,Jawa Barat,"Kota Bekasi, Jawa Barat, Indonesia",15.87354535
106.8666791,-6.3482241,PT. LF Beauty Manufacturing Indonesia,296,Kosmetik,"Pharmacy, Cosmetics, Health",Kota Jakarta Timur,DKI Jakarta,"Kota Jakarta Timur, DKI Jakarta, Indonesia",15.69894643
106.8676142,-6.3469878,PT. Integrated Healthcare Indonesia,267,Farmasi,"Pharmacy, Cosmetics, Health",Kota Jakarta Timur,DKI Jakarta,"Kota Jakarta Timur, DKI Jakarta, Indonesia",15.57870759
106.9801989,-6.2476428,PT. KAO Indonesia Chemicals,462,Kimia,"Petroleum, Chemicals & Plastics",Kab. Bekasi,Jawa Barat,"Kab. Bekasi, Jawa Barat, Indonesia",15.51120569
106.9829289,-6.1988979,PT. Bridgestone Tire Indonesia - Bekasi Plant,650,Ban,Capital goods & automobile components,Kota Bekasi,Jawa Barat,"Kota Bekasi, Jawa Barat, Indonesia",15.23759469
106.8683927,-6.3428965,PT. Huntsman Indonesia,276,Kimia,"Petroleum, Chemicals & Plastics",Kota Jakarta Timur,DKI Jakarta,"Kota Jakarta Timur, DKI Jakarta, Indonesia",15.14314696
106.932745,-6.105418,PT. Indofood Sukses Makmur. Tbk. Divisi Bogasari Jakarta,323,Tepung,Food & Beverage,Kota Jakarta Utara,DKI Jakarta,"Kota Jakarta Utara, DKI Jakarta, Indonesia",15.01259281
106.9794826,-6.2104822,PT. Aluminium Extrusion Indonesia,659,Pengolahan Logam,Metal & non-metallic minerals,Kota Bekasi,Jawa Barat,"Kota Bekasi, Jawa Barat, Indonesia",14.8176458
106.9788612,-6.1961391,PT. Bakrie Autoparts,654,Otomotif,Capital goods & automobile components,Kota Bekasi,Jawa Barat,"Kota Bekasi, Jawa Barat, Indonesia",14.81464912
106.9755726,-6.2382699,PT. Darmex Oil & Fats,653,Minyak Goreng,Food & Beverage,Kota Bekasi,Jawa Barat,"Kota Bekasi, Jawa Barat, Indonesia",14.75360804
106.8705632,-6.3388502,PT. Indolakto Factory Jakarta,290,Susu,Food & Beverage,Kota Jakarta Timur,DKI Jakarta,"Kota Jakarta Timur, DKI Jakarta, Indonesia",14.74230881
106.7234347,-6.1564542,PT. BASF Indonesia Cengkareng,254,Kimia,"Petroleum, Chemicals & Plastics",Kota Jakarta Barat,DKI Jakarta,"Kota Jakarta Barat, DKI Jakarta, Indonesia",14.72082568
106.8692849,-6.3379348,PT. Nutricia Indonesia Sejahtera,279,Makanan dan Minuman,Food & Beverage,Kota Jakarta Timur,DKI Jakarta,"Kota Jakarta Timur, DKI Jakarta, Indonesia",14.61619971
106.8687582,-6.3350514,PT. Frisian Flag Indonesia - Plant Ciracas,291,Susu,Food & Beverage,Kota Jakarta Timur,DKI Jakarta,"Kota Jakarta Timur, DKI Jakarta, Indonesia",14.28997425
106.8687582,-6.3350514,PT. Frisian Flag Indonesia - Plant Pasar Rebo,292,Susu,Food & Beverage,Kota Jakarta Timur,DKI Jakarta,"Kota Jakarta Timur, DKI Jakarta, Indonesia",14.28997425
106.9725533,-6.1943225,PT. Sinar Sosro KPB Cakung,651,Makanan dan Minuman,Food & Beverage,Kota Bekasi,Jawa Barat,"Kota Bekasi, Jawa Barat, Indonesia",14.14145321
106.8721224,-6.3323815,PT. Mustika Ratu,272,Jamu,Food & Beverage,Kota Jakarta Timur,DKI Jakarta,"Kota Jakarta Timur, DKI Jakarta, Indonesia",14.07059542
106.869115,-6.332254,PT. Khong Guan Biscuit Factory Indonesia Ltd.,278,Makanan dan Minuman,Food & Beverage,Kota Jakarta Timur,DKI Jakarta,"Kota Jakarta Timur, DKI Jakarta, Indonesia",13.99101926
106.9710929,-6.2096063,PT. Hyundai Indonesia Motor,655,Otomotif,Capital goods & automobile components,Kota Bekasi,Jawa Barat,"Kota Bekasi, Jawa Barat, Indonesia",13.8882814
106.9704581,-6.2084712,PT. Arnott's Indonesia,478,Makanan dan Minuman,Food & Beverage,Kab. Bekasi,Jawa Barat,"Kab. Bekasi, Jawa Barat, Indonesia",13.81776654
106.8767723,-6.3257089,PT. Century Tekstil Industri,294,Tekstil,Textile & Clothing,Kota Jakarta Timur,DKI Jakarta,"Kota Jakarta Timur, DKI Jakarta, Indonesia",13.46756221
106.9004976,-6.1055296,PT. Jakarta Terminal Tank,307,Migas Distribusi,Power & Energy,Kota Jakarta Utara,DKI Jakarta,"Kota Jakarta Utara, DKI Jakarta, Indonesia",12.99933425
106.7829251,-6.1109523,PT. PJB Unit Pembangkitan Muara Karang,322,PLTGU,Power & Energy,Kota Jakarta Utara,DKI Jakarta,"Kota Jakarta Utara, DKI Jakarta, Indonesia",12.91008628
106.9035424,-6.108638,PT. Pertamina (Persero) Marketing Operation Region III Depot LPG Tj. Priok,305,Migas Distribusi,Power & Energy,Kota Jakarta Utara,DKI Jakarta,"Kota Jakarta Utara, DKI Jakarta, Indonesia",12.85915507
106.9391782,-6.1481685,PT. Komatsu Indonesia,319,Otomotif,Capital goods & automobile components,Kota Jakarta Utara,DKI Jakarta,"Kota Jakarta Utara, DKI Jakarta, Indonesia",12.35965826
106.935975,-6.14458,PT. Kawasan Berikat Nusantara (Persero),299,Kawasan Industri,"Cement, Steel & heavy industry",Kota Jakarta Utara,DKI Jakarta,"Kota Jakarta Utara, DKI Jakarta, Indonesia",12.29199767
106.9529789,-6.1876567,PT. Kangar Konsolidated Industries,295,Kemasan Botol Kaca,"Petroleum, Chemicals & Plastics",Kota Jakarta Timur,DKI Jakarta,"Kota Jakarta Timur, DKI Jakarta, Indonesia",12.1136494
106.752388,-6.156705,PT. International Chemical Industry (Interkalin) - Jakarta,252,Baterai,Capital goods & automobile components,Kota Jakarta Barat,DKI Jakarta,"Kota Jakarta Barat, DKI Jakarta, Indonesia",11.83216189
106.940814,-6.1630549,"PT. Indofood CBP Sukses Makmur, Tbk - Divisi Noodle Jakarta",304,Makanan dan Minuman,Food & Beverage,Kota Jakarta Utara,DKI Jakarta,"Kota Jakarta Utara, DKI Jakarta, Indonesia",11.70173711
106.8672119,-6.1101835,PT. Indonesia Power Unit Pembangkitan dan Jasa Pembangkitan Priok,321,PLTGU,Power & Energy,Kota Jakarta Utara,DKI Jakarta,"Kota Jakarta Utara, DKI Jakarta, Indonesia",11.23154434
106.8671371,-6.1141739,PT. Salim Ivomas Pratama - Jakarta Plant Tanjung Priok,309,Minyak Goreng,Food & Beverage,Kota Jakarta Utara,DKI Jakarta,"Kota Jakarta Utara, DKI Jakarta, Indonesia",10.79610788
106.8601936,-6.304042,PT. Merck Indonesia,268,Farmasi,"Pharmacy, Cosmetics, Health",Kota Jakarta Timur,DKI Jakarta,"Kota Jakarta Timur, DKI Jakarta, Indonesia",10.72861438
106.9394296,-6.1852853,PT. KMI Wire & Cable Tbk,274,Kabel,Capital goods & automobile components,Kota Jakarta Timur,DKI Jakarta,"Kota Jakarta Timur, DKI Jakarta, Indonesia",10.70799185
106.7919011,-6.1300567,PT. Salim Ivomas Pratama - Jakarta Plant Jembatan Tiga,308,Minyak Goreng,Food & Beverage,Kota Jakarta Utara,DKI Jakarta,"Kota Jakarta Utara, DKI Jakarta, Indonesia",10.58700801
106.8575683,-6.302227,PT. Sandoz Indonesia,269,Farmasi,"Pharmacy, Cosmetics, Health",Kota Jakarta Timur,DKI Jakarta,"Kota Jakarta Timur, DKI Jakarta, Indonesia",10.48828571
106.929707,-6.1672116,PT. SKF Indonesia,282,Otomotif,Capital goods & automobile components,Kota Jakarta Timur,DKI Jakarta,"Kota Jakarta Timur, DKI Jakarta, Indonesia",10.39423273
106.8331102,-6.3001592,PT. Pertamina Hulu Energi OSES,251,Migas EP,Power & Energy,Kab. Kepulauan Seribu,DKI Jakarta,"Kab. Kepulauan Seribu, DKI Jakarta, Indonesia",10.26756285
106.936315,-6.1942301,PT. Suzuki Indomobil Motor - Plant Cakung,283,Otomotif,Capital goods & automobile components,Kota Jakarta Timur,DKI Jakarta,"Kota Jakarta Timur, DKI Jakarta, Indonesia",10.16888574
106.8193445,-6.1215327,"PT. Asahimas Flat Glass, Tbk. Ancol Plant",298,Kaca,Glass,Kota Jakarta Utara,DKI Jakarta,"Kota Jakarta Utara, DKI Jakarta, Indonesia",10.13590926
106.80946,-6.291664,PT. Elders Indonesia,531,Rumah Potong Hewan,Agro-based industry,Kab. Bogor,Jawa Barat,"Kab. Bogor, Jawa Barat, Indonesia",10.05767532
106.9310972,-6.1837654,PT. United Tractors Timur,284,Otomotif,Capital goods & automobile components,Kota Jakarta,DKI Jakarta,"Kota Jakarta, DKI Jakarta, Indonesia",9.862732388
106.8936739,-6.1351018,PT. Pertamina (Persero) Marketing Operation Region III TBBM Jakarta Group - Plumpang,306,Migas Distribusi,Power & Energy,Kota Jakarta Utara,DKI Jakarta,"Kota Jakarta Utara, DKI Jakarta, Indonesia",9.774911246
106.8178901,-6.1260541,PT. Wirontono Baru,320,Pengolahan Ikan,Agro-based industry,Kota Jakarta Utara,DKI Jakarta,"Kota Jakarta Utara, DKI Jakarta, Indonesia",9.704448302
106.9176016,-6.1622262,PT. Astra Honda Motor Plant 2 Pegangsaan,312,Otomotif,Capital goods & automobile components,Kota Jakarta Utara,DKI Jakarta,"Kota Jakarta Utara, DKI Jakarta, Indonesia",9.504557463
106.8824625,-6.1321309,PT. Astra Daihatsu Motor Assy Plant,318,Otomotif,Capital goods & automobile components,Kota Jakarta Utara,DKI Jakarta,"Kota Jakarta Utara, DKI Jakarta, Indonesia",9.456102546
106.8546259,-6.1243215,PT. Diamond Cold Storage,303,Makanan dan Minuman,Food & Beverage,Kota Jakarta Utara,DKI Jakarta,"Kota Jakarta Utara, DKI Jakarta, Indonesia",9.452971116
106.8900042,-6.1362992,PT. Inkoasku,301,Komponen Otomotif,Capital goods & automobile components,Kota Jakarta Utara,DKI Jakarta,"Kota Jakarta Utara, DKI Jakarta, Indonesia",9.445827969
106.8863047,-6.1349119,PT. Gaya Motor,314,Otomotif,Capital goods & automobile components,Kota Jakarta Utara,DKI Jakarta,"Kota Jakarta Utara, DKI Jakarta, Indonesia",9.374559168
106.9226779,-6.174811,PT. Kramayudha Ratu Motor,286,Otomotif,Capital goods & automobile components,Kota Jakarta Timur,DKI Jakarta,"Kota Jakarta Timur, DKI Jakarta, Indonesia",9.330146034
106.927936,-6.19288,PT. Yamaha Indonesia Motor Manufacturing - Pulogadung Plant,285,Otomotif,Capital goods & automobile components,Kota Jakarta Timur,DKI Jakarta,"Kota Jakarta Timur, DKI Jakarta, Indonesia",9.282049351
106.8220227,-6.1287476,PT. Nipsea Paint & Chemicals,824,Cat,"Petroleum, Chemicals & Plastics",Kab. Gresik,Jawa Timur,"Kab. Gresik, Jawa Timur, Indonesia",9.28163713
106.9146608,-6.1635767,PT. Astra Otoparts - Divisi Nusametal,300,Komponen Otomotif,Capital goods & automobile components,Kota Jakarta Utara,DKI Jakarta,"Kota Jakarta Utara, DKI Jakarta, Indonesia",9.14988359
106.9178003,-6.1693727,PT. Gemala Kempa Daya,315,Otomotif,Capital goods & automobile components,Kota Jakarta Utara,DKI Jakarta,"Kota Jakarta Utara, DKI Jakarta, Indonesia",9.114656175
106.8857592,-6.1388057,PT. Denso Indonesia - Jakarta Plant,313,Otomotif,Capital goods & automobile components,Kota Jakarta Utara,DKI Jakarta,"Kota Jakarta Utara, DKI Jakarta, Indonesia",8.966760744
106.9216138,-6.1832075,"PT. Indonesian Acids Industry, Ltd.",275,Kimia,"Petroleum, Chemicals & Plastics",Kota Jakarta Timur,DKI Jakarta,"Kota Jakarta Timur, DKI Jakarta, Indonesia",8.880507718
106.9208265,-6.1862924,PT. The Master Steel Manufactory,288,Peleburan Logam,Metal & non-metallic minerals,Kota Jakarta Timur,DKI Jakarta,"Kota Jakarta Timur, DKI Jakarta, Indonesia",8.693023844
106.8172385,-6.1361881,PT. Barco,311,Minyak Goreng,Food & Beverage,Kota Jakarta Utara,DKI Jakarta,"Kota Jakarta Utara, DKI Jakarta, Indonesia",8.667345387
106.9166514,-6.1874151,PT. Soho Industri Farmasi (Soho Group),270,Farmasi,"Pharmacy, Cosmetics, Health",Kota Jakarta Timur,DKI Jakarta,"Kota Jakarta Timur, DKI Jakarta, Indonesia",8.214552681
106.9169687,-6.1938928,PT. Tobu Indonesia Steel,297,Reheating Logam,Metal & non-metallic minerals,Kota Jakarta Timur,DKI Jakarta,"Kota Jakarta Timur, DKI Jakarta, Indonesia",8.069958277
106.9177846,-6.2125657,PT. Glaxo Wellcome Indonesia,263,Farmasi,"Pharmacy, Cosmetics, Health",Kota Jakarta Timur,DKI Jakarta,"Kota Jakarta Timur, DKI Jakarta, Indonesia",7.999707272
106.9171547,-6.1999849,PT. FSCM Manufacturing Indonesia,277,Komponen Otomotif,Capital goods & automobile components,Kota Jakarta Timur,DKI Jakarta,"Kota Jakarta Timur, DKI Jakarta, Indonesia",7.978955849
106.9167244,-6.2106818,PT. Wahana Citra Nabati,280,Minyak Goreng,Food & Beverage,Kota Jakarta Timur,DKI Jakarta,"Kota Jakarta Timur, DKI Jakarta, Indonesia",7.874083987
106.912057,-6.2066987,PT. Sinar Meadow International Indonesia,281,Minyak Goreng,Food & Beverage,Kota Jakarta Timur,DKI Jakarta,"Kota Jakarta Timur, DKI Jakarta, Indonesia",7.358281764
106.9109981,-6.1973454,PT. Kemang Food Industries,289,Pengolahan Daging,Agro-based industry,Kota Jakarta Timur,DKI Jakarta,"Kota Jakarta Timur, DKI Jakarta, Indonesia",7.348332041
106.9094037,-6.1946558,PT. Martina Berto,271,Jamu,Food & Beverage,Kota Jakarta Timur,DKI Jakarta,"Kota Jakarta Timur, DKI Jakarta, Indonesia",7.233672049
106.9101527,-6.2000789,"PT. Kimia Farma (Persero), Tbk. - Plant Jakarta",264,Farmasi,"Pharmacy, Cosmetics, Health",Kota Jakarta Timur,DKI Jakarta,"Kota Jakarta Timur, DKI Jakarta, Indonesia",7.209109207
106.9104249,-6.2089883,"PT. Kabelindo Murni, Tbk",273,Kabel,Capital goods & automobile components,Kota Jakarta Timur,DKI Jakarta,"Kota Jakarta Timur, DKI Jakarta, Indonesia",7.174100136
106.904559,-6.1918912,PT. Aneka Tambang (Persero) Tbk. UBPP Logam Mulia,293,Tambang Pengolahan,Power & Energy,Kota Jakarta Timur,DKI Jakarta,"Kota Jakarta Timur, DKI Jakarta, Indonesia",6.78994288
106.9034633,-6.1936444,PT. Danapaint Indonesia,259,Cat,"Petroleum, Chemicals & Plastics",Kota Jakarta Timur,DKI Jakarta,"Kota Jakarta Timur, DKI Jakarta, Indonesia",6.621210325
106.8778706,-6.1621733,PT. Toyota Motor Manufacturing Indonesia - Sunter I Plant,316,Otomotif,Capital goods & automobile components,Kota Jakarta Utara,DKI Jakarta,"Kota Jakarta Utara, DKI Jakarta, Indonesia",6.297184081
106.8778706,-6.1621733,PT. Toyota Motor Manufacturing Indonesia - Sunter II Plant,317,Otomotif,Capital goods & automobile components,Kota Jakarta Utara,DKI Jakarta,"Kota Jakarta Utara, DKI Jakarta, Indonesia",6.297184081
106.7931575,-6.2080591,PT. Ultra Prima Abadi,253,Consumer Goods,Capital goods & automobile components,Kota Jakarta Barat,DKI Jakarta,"Kota Jakarta Barat, DKI Jakarta, Indonesia",5.804052742
106.8780585,-6.172621,PT. Siemens Indonesia,260,Elektronik,Capital goods & automobile components,Kota Jakarta Timur,DKI Jakarta,"Kota Jakarta Timur, DKI Jakarta, Indonesia",5.393701753
106.8783162,-6.1734794,PT. Bintang Toedjoe - Pulogadung,262,Farmasi,"Pharmacy, Cosmetics, Health",Kota Jakarta Timur,DKI Jakarta,"Kota Jakarta Timur, DKI Jakarta, Indonesia",5.342090278
106.8076447,-6.2244553,PT. Heinz ABC Indonesia,255,Makanan dan Minuman,Food & Beverage,Kota Jakarta Barat,DKI Jakarta,"Kota Jakarta Barat, DKI Jakarta, Indonesia",4.548968103
106.8677248,-6.235695,PT. Essence Indonesia,258,Makanan dan Minuman,Food & Beverage,Kota Jakarta Pusat,DKI Jakarta,"Kota Jakarta Pusat, DKI Jakarta, Indonesia",3.870832065
106.8234385,-6.1901916,PT. Sinar Mas Agro Resources & Technology Tbk. - Rungkut Plant,1005,Minyak Goreng,Food & Beverage,Kota Surabaya,Jawa Timur,"Kota Surabaya, Jawa Timur, Indonesia",3.207609833
106.8311446,-6.2143077,PT. Budi Starch & Sweetener (BSSw) - Buyut Ilir,1355,Tapioka,Food & Beverage,Kab. Lampung Tengah,Lampung,"Kab. Lampung Tengah, Lampung, Indonesia",1.714547748
106.8311446,-6.2143077,PT. Budi Starch & Sweetener (BSSw) - Gunung Agung,1356,Tapioka,Food & Beverage,Kab. Lampung Tengah,Lampung,"Kab. Lampung Tengah, Lampung, Indonesia",1.714547748
106.8311446,-6.2143077,PT. Budi Starch & Sweetener (BSSw) - Gunung Batin,1357,Tapioka,Food & Beverage,Kab. Lampung Tengah,Lampung,"Kab. Lampung Tengah, Lampung, Indonesia",1.714547748
106.8311446,-6.2143077,PT. Budi Starch & Sweetener (BSSw) - Agung Dalam,1390,Tapioka,Food & Beverage,Kab. Tulang Bawang,Lampung,"Kab. Tulang Bawang, Lampung, Indonesia",1.714547748
106.8311446,-6.2143077,PT. Budi Starch & Sweetener (BSSw) - Penumangan,1393,Tapioka,Food & Beverage,Kab. Tulang Bawang Barat,Lampung,"Kab. Tulang Bawang Barat, Lampung, Indonesia",1.714547748
106.8311446,-6.2143077,PT. Budi Starch & Sweetener (BSSw) - Unit VI (Kibangyekti),1394,Tapioka,Food & Beverage,Kab. Tulang Bawang Barat,Lampung,"Kab. Tulang Bawang Barat, Lampung, Indonesia",1.714547748