country,country_long,name,gppd_idnr,capacity_mw,latitude,longitude,primary_fuel,other_fuel1,other_fuel2,other_fuel3,commissioning_year,owner,source,url,geolocation_source,wepp_id,year_of_capacity_data,generation_gwh_2013,generation_gwh_2014,generation_gwh_2015,generation_gwh_2016,generation_gwh_2017,estimated_generation_gwh
IDN,Indonesia,Amamapare Port power station,WRI1075798,195,-4.8278,136.8391,Coal,,,,1998,PT Puncakjaya Power,GCPT,https://endcoal.org/global-coal-plant-tracker/,GCPT,,,,,,,,799.9434084
IDN,Indonesia,Ampenan,WRI1000736,56.284,-8.5667,116.0667,Oil,,,,,PLN - West Nusa Tenggara Regional Unit/NTB,Indonesia Power Generation,https://repit.wordpress.com/,CARMA,1026032,,,,,,,2053.000439
IDN,Indonesia,Amurang power station,WRI1075799,60,1.1825,124.4806,Coal,,,,2012,PLN,GCPT,https://endcoal.org/global-coal-plant-tracker/,GCPT,,,,,,,,246.1364334
IDN,Indonesia,Asahan I,WRI1000737,180,2.5113,99.259,Hydro,,,,,PT Bajradaya Sentranusa (China Huadian Corporation 70% + PJB 26.5%+Nusa Konstruksi Engineering 3.5%),Indonesia Power Generation,https://repit.wordpress.com/,WRI,1076093,,,,,,,598.0008738
IDN,Indonesia,Bakaru,WRI1000738,126,-3.1141,119.6042,Hydro,,,,,PLN-South&South East Sulawesi Regional Unit,Indonesia Power Generation,https://repit.wordpress.com/,CARMA,1026035,,,,,,,418.6006116
IDN,Indonesia,Balambano,WRI1000739,130,-2.5213,121.357,Hydro,,,,,PT. Inco,Indonesia Power Generation,https://repit.wordpress.com/,CARMA,1025948,,,,,,,431.8895199
IDN,Indonesia,Banten Serang power station,WRI1075800,660,-5.883,106.0459,Coal,,,,2017,PT Lestari Baten Energi (LBE),GCPT,https://endcoal.org/global-coal-plant-tracker/,GCPT,,,,,,,,2707.500767
IDN,Indonesia,Batu Hijau power station,WRI1075801,124,-8.9012,116.7382,Coal,,,,1999,Pt Newmont Nusa Tenggara,GCPT,https://endcoal.org/global-coal-plant-tracker/,GCPT,,,,,,,,508.6819623
IDN,Indonesia,Bengkok+Dago/saguling,WRI1000743,3.85,-6.6247,107.5564,Hydro,,,,,PLN - PT. Indonesia Power,Indonesia Power Generation,https://repit.wordpress.com/,CARMA,,,,,,,,12.79057424
IDN,Indonesia,Besai - Way Kanan,WRI1000744,92.8,-4.9822,104.8051,Hydro,,,,,PLN-South Sumatera Generation Unit,Indonesia Power Generation,https://repit.wordpress.com/,WRI,1026048,,,,,,,308.3026727
IDN,Indonesia,Bili bili,WRI1000745,20.1,-5.2779,119.5817,Hydro,,,,,PLN,Indonesia Power Generation,https://repit.wordpress.com/,WRI,1092163,,,,,,,66.77676424
IDN,Indonesia,Bitung - Menado,WRI1000746,56.62,1.4451,125.1824,Oil,,,,,PLN-Nth & Ctrl Sulawesi & Gorontalo Reg Unit,Indonesia Power Generation,https://repit.wordpress.com/,CARMA,,,,,,,,2065.256287
IDN,Indonesia,Celukan Bawang power station,WRI1075802,381,-8.1963,114.8516,Coal,,,,2015,PT General Energy Bali,GCPT,https://endcoal.org/global-coal-plant-tracker/,GCPT,,,,,,,,1562.966352
IDN,Indonesia,Cikalong/saguling,WRI1000747,19.2,-6.9039,107.6186,Hydro,,,,,PLN - PT. Indonesia Power,Indonesia Power Generation,https://repit.wordpress.com/,CARMA,1026135,,,,,,,63.78675987
IDN,Indonesia,Cikarang Babelan power station,WRI1075803,280,-6.1161,107.052,Coal,,,,2017,PT Cikarang Listrindo,GCPT,https://endcoal.org/global-coal-plant-tracker/,GCPT,,,,,,,,1148.636689
IDN,Indonesia,Cilacap Sumber power station,WRI1075804,1260,-7.6832,109.0964,Coal,,,,2011,Sumber Segara Primadaya,GCPT,https://endcoal.org/global-coal-plant-tracker/,GCPT,,,,,,,,5168.865101
IDN,Indonesia,CirataI & II,WRI1000748,1008,-6.7004,107.3671,Hydro,,,,,PLN - Java Bali Generation Unit / PT. PJB,Indonesia Power Generation,https://repit.wordpress.com/,WRI,1026056,,,,,,,3348.804893
IDN,Indonesia,Darajat 1,WRI1000750,55,-7.2173,107.7394,Geothermal,,,,,PLN – Indonesia Power,Indonesia Power Generation,https://repit.wordpress.com/,WRI,,,,,,,,411.3934426
IDN,Indonesia,Darajat 2  3,WRI1000751,215,-7.2173,107.7394,Geothermal,,,,,PT. Chevron Geothermal Darajat  Ltd,Indonesia Power Generation,https://repit.wordpress.com/,WRI,,,,,,,,1608.174367
IDN,Indonesia,Dieng,WRI1000752,60,-7.2061,109.9119,Geothermal,,,,,PT. Geo Dipa Energy,Indonesia Power Generation,https://repit.wordpress.com/,CARMA,1018473,,,,,,,448.7928465
IDN,Indonesia,Giringan - Pamekasan,WRI1000755,3.2,-7.7201,111.6715,Hydro,,,,,PLN - Java Bali Generation Unit / PT. PJB,Indonesia Power Generation,https://repit.wordpress.com/,CARMA,1026067,,,,,,,10.63112664
IDN,Indonesia,Golang - Pamekasan,WRI1000756,2.7,-8.1408,111.1317,Hydro,,,,,PLN - Java Bali Generation Unit / PT. PJB,Indonesia Power Generation,https://repit.wordpress.com/,CARMA,1026068,,,,,,,8.970013106
IDN,Indonesia,Gunung Malang,WRI1000758,25.536,-6.7409,106.673,Oil,,,,,PLN-East Kalimantan Regional Unit,Indonesia Power Generation,https://repit.wordpress.com/,WRI,,,,,,,,931.444446
IDN,Indonesia,Gunung Salak,WRI1000759,375,-6.7416,106.648,Geothermal,,,,,PT. Chevron Geothermal Salak  Ltd,Indonesia Power Generation,https://repit.wordpress.com/,WRI,1026072,,,,,,,2804.955291
IDN,Indonesia,Jatiluhur,WRI1000762,186,-6.523,107.389,Hydro,,,,,Perum Jasa Tirta II,Indonesia Power Generation,https://repit.wordpress.com/,GEODB,,,,,,,,617.9342362
IDN,Indonesia,Kalteng-1 Pulang Pisau power station,WRI1075805,120,-2.8226,114.2088,Coal,,,,2015,PT PLN Persero,GCPT,https://endcoal.org/global-coal-plant-tracker/,GCPT,,,,,,,,492.2728667
IDN,Indonesia,Kaltim Teluk Balikpapan power station,WRI1075806,220,-1.1704,116.7887,Coal,,,,2015,PLN,GCPT,https://endcoal.org/global-coal-plant-tracker/,GCPT,,,,,,,,902.5002557
IDN,Indonesia,Kamojang 1  2  3,WRI1000764,140,-6.4239,107.4553,Geothermal,,,,,PLN – Indonesia Power,Indonesia Power Generation,https://repit.wordpress.com/,CARMA,1026079,,,,,,,1047.183308
IDN,Indonesia,Kamojang 4,WRI1000765,60,-6.4239,107.4553,Geothermal,,,,,PT. Pertamina Geothermal Energy,Indonesia Power Generation,https://repit.wordpress.com/,CARMA,1026079,,,,,,,448.7928465
IDN,Indonesia,Kayu Merah - Ternate,WRI1000769,21.084,0.8,127.4,Oil,,,,,PLN - Maluku Regional Unit,Indonesia Power Generation,https://repit.wordpress.com/,CARMA,1093482,,,,,,,769.0544604
IDN,Indonesia,Keban Agung power station,WRI1075807,270,-3.7515,103.6481,Coal,,,,2015,PT Primanaya Energi,GCPT,https://endcoal.org/global-coal-plant-tracker/,GCPT,,,,,,,,1107.61395
IDN,Indonesia,Kendari - Rental,WRI1000771,36.3,1.0591,120.798,Oil,,,,,PLN - Rental,Indonesia Power Generation,https://repit.wordpress.com/,CARMA,1026082,,,,,,,1324.06929
IDN,Indonesia,Ketapang Smelter power station,WRI1075808,80,-2.3662,110.1573,Coal,,,,2016,PT Well Harvest Winning Alumina Refinery,GCPT,https://endcoal.org/global-coal-plant-tracker/,GCPT,,,,,,,,328.1819112
IDN,Indonesia,Ketenger / mrica,WRI1000772,8.04,-7.5097,109.2778,Hydro,,,,,PLN - PT. Indonesia Power,Indonesia Power Generation,https://repit.wordpress.com/,CARMA,1050220,,,,,,,26.71070569
IDN,Indonesia,Klambu/Mrica,WRI1000773,1.117,-7.0069,110.7964,Hydro,,,,,PLN - PT. Indonesia Power,Indonesia Power Generation,https://repit.wordpress.com/,CARMA,,,,,,,,3.710927644
IDN,Indonesia,Koto Panjang Kampar,WRI1000775,114,0.2905,100.8814,Hydro,,,,,PLN,Indonesia Power Generation,https://repit.wordpress.com/,WRI,,,,,,,,378.7338867
IDN,Indonesia,Kracak/saguling,WRI1000776,18.9,-6.9039,107.6186,Hydro,,,,,PLN - PT. Indonesia Power,Indonesia Power Generation,https://repit.wordpress.com/,CARMA,1026135,,,,,,,62.79009175
IDN,Indonesia,Lahendong (Binary Cycle),WRI1000777,20,1.3346,124.8392,Geothermal,,,,,BPPT + Pertamina,Indonesia Power Generation,https://repit.wordpress.com/,CARMA,1026087,,,,,,,149.5976155
IDN,Indonesia,Lahendong IV,WRI1000778,80,1.2542,124.8225,Geothermal,,,,,PLN + Pertamina Geothermal Energy,Indonesia Power Generation,https://repit.wordpress.com/,WRI,1087858,,,,,,,598.390462
IDN,Indonesia,Lamajan/saguling,WRI1000779,19.56,-6.9039,107.6186,Hydro,,,,,PLN - PT. Indonesia Power,Indonesia Power Generation,https://repit.wordpress.com/,CARMA,1026135,,,,,,,64.98276162
IDN,Indonesia,Lampung Sebalang power station,WRI1075809,200,-5.5859,105.3872,Coal,,,,2015,PT PLN Persero,GCPT,https://endcoal.org/global-coal-plant-tracker/,GCPT,,,,,,,,820.4547779
IDN,Indonesia,Larona,WRI1000780,165,-2.8194,121.5783,Hydro,,,,,PT. Inco,Indonesia Power Generation,https://repit.wordpress.com/,CARMA,1025949,,,,,,,548.1674676
IDN,Indonesia,Lau Renun,WRI1000781,82,3.0824,98.065,Hydro,,,,,PLN - Pandan Sector,Indonesia Power Generation,https://repit.wordpress.com/,CARMA,1026134,,,,,,,272.4226203
IDN,Indonesia,Lodoyo - Brantas,WRI1000783,4.5,-8.1613,112.2173,Hydro,,,,,PLN - Java Bali Generation Unit / PT. PJB,Indonesia Power Generation,https://repit.wordpress.com/,CARMA,1026092,,,,,,,14.95002184
IDN,Indonesia,Maninjau III,WRI1000785,123,-0.2923,100.152,Hydro,,,,,PLN-South Sumatera Generation Unit,Indonesia Power Generation,https://repit.wordpress.com/,CARMA,1026095,,,,,,,408.6339304
IDN,Indonesia,Medan Steel Mill Power Plant,WRI1075810,60,3.6676,98.6654,Coal,,,,2017,PT Gahapi Nisco Steel,GCPT,https://endcoal.org/global-coal-plant-tracker/,GCPT,,,,,,,,246.1364334
IDN,Indonesia,Mendalan - Brantas,WRI1000788,23,-7.854,112.3316,Hydro,,,,,PLN - Java Bali Generation Unit / PT. PJB,Indonesia Power Generation,https://repit.wordpress.com/,CARMA,1026099,,,,,,,76.41122276
IDN,Indonesia,Merak power station,WRI1075811,120,-5.884,106.0642,Coal,,,,2014,PT Merak Energi,GCPT,https://endcoal.org/global-coal-plant-tracker/,GCPT,,,,,,,,492.2728667
IDN,Indonesia,Minahasa - rental,WRI1000791,35,-1.4789,122.3858,Oil,,,,,PLN - rental,Indonesia Power Generation,https://repit.wordpress.com/,CARMA,1026100,,,,,,,1276.650831
IDN,Indonesia,Musi,WRI1000792,215.475,-3.766,102.435,Hydro,,,,,PLN-South Sumatera Generation Unit,Indonesia Power Generation,https://repit.wordpress.com/,GEODB,1026105,,,,,,,715.8568793
IDN,Indonesia,Ngebel - Pamekasan,WRI1000793,2.2,-7.7891,111.6167,Hydro,,,,,PLN - Java Bali Generation Unit / PT. PJB,Indonesia Power Generation,https://repit.wordpress.com/,CARMA,1026106,,,,,,,7.308899568
IDN,Indonesia,North Duri Cogeneration Plant,WRI1000794,300,1.3722,101.226,Gas,,,,,PT Mandau Cipta Tenaga Nusanatara (subsidiary of Chevron),Indonesia Power Generation,https://repit.wordpress.com/,WRI,1092378,,,,,,,1318.196721
IDN,Indonesia,PB. Sudirman/Mrica,WRI1000800,180.9,-7.3927,109.6054,Hydro,,,,,PLN - PT. Indonesia Power,Indonesia Power Generation,https://repit.wordpress.com/,GEODB,1026120,,,,,,,600.9908781
IDN,Indonesia,PLTG (ex PLTD Sunyaragi),WRI1000809,18,-7.4064,109.5842,Gas,,,,,PLN-South Sumatera Generation Unit,Indonesia Power Generation,https://repit.wordpress.com/,CARMA,1026057,,,,,,,79.09180328
IDN,Indonesia,PLTG Belawan,WRI1000817,260,3.5833,98.6667,Gas,,,,,PLN / KITSUMBAGUT,Indonesia Power Generation,https://repit.wordpress.com/,CARMA,1026045,,,,,,,1142.437158
IDN,Indonesia,PLTG Belawan TTF,WRI1000818,105,3.5833,98.6667,Gas,,,,,PLN / KITSUMBAGUT,Indonesia Power Generation,https://repit.wordpress.com/,CARMA,1026045,,,,,,,461.3688525
IDN,Indonesia,PLTG Cikarang Listrindo,WRI1000821,150,-6.1133,106.7788,Gas,,,,,PT. Cikarang Listrindo,Indonesia Power Generation,https://repit.wordpress.com/,CARMA,,,,,,,,659.0983607
IDN,Indonesia,PLTG Cilacap,WRI1000822,55,-7.7264,109.0094,Gas,,,,,PLN – Indonesia Power,Indonesia Power Generation,https://repit.wordpress.com/,CARMA,,,,,,,,241.6693989
IDN,Indonesia,PLTG Duri ex PLTG Sunyaragi Cent Java,WRI1000824,20,-7.4064,109.5842,Gas,,,,,PLN,Indonesia Power Generation,https://repit.wordpress.com/,CARMA,1026057,,,,,,,87.87978142
IDN,Indonesia,PLTG Gilimanuk,WRI1000825,133,-8.1716,114.4344,Gas,,,,,PT. Indonesia Power,Indonesia Power Generation,https://repit.wordpress.com/,CARMA,1050217,,,,,,,584.4005464
IDN,Indonesia,PLTG Grati,WRI1000829,302,-7.6517,113.0244,Gas,,,,,PT. Indonesia Power,Indonesia Power Generation,https://repit.wordpress.com/,GEODB,1026069,,,,,,,1326.984699
IDN,Indonesia,PLTG Gresik,WRI1000830,80,-7.1633,112.6615,Gas,,,,,PLN – Java Bali Generation Unit / PT. PJB,Indonesia Power Generation,https://repit.wordpress.com/,GEODB,1026070,,,,,,,351.5191257
IDN,Indonesia,PLTG Keramasan,WRI1000833,145,-2.9167,104.7458,Gas,,,,,PT Asta Keramasan Energy (AKE),Indonesia Power Generation,https://repit.wordpress.com/,CARMA,1026111,,,,,,,637.1284153
IDN,Indonesia,PLTG Keramasan #1 2 3 4,WRI1000834,65,-2.9167,104.7458,Gas,,,,,PLN-South Sumatera Generation Unit,Indonesia Power Generation,https://repit.wordpress.com/,CARMA,1026111,,,,,,,285.6092896
IDN,Indonesia,PLTG Krakatau Posco Energy,WRI1000835,200,-6.0048,105.9961,Gas,,,,,PT. Krakatau Posco Energy (JV : Korea Posco Energy (70%) + PT. Krakatau Daya Listrik (30%)),Indonesia Power Generation,https://repit.wordpress.com/,WRI,,,,,,,,878.7978142
IDN,Indonesia,PLTG Muara Tawar B-3,WRI1000836,420,-6.0867,106.9987,Gas,,,,,PT. PJB,Indonesia Power Generation,https://repit.wordpress.com/,GEODB,1026103,,,,,,,1845.47541
IDN,Indonesia,PLTG Muara Tawar Block 4,WRI1000837,420,-6.0867,106.9987,Gas,,,,,PT. PJB,Indonesia Power Generation,https://repit.wordpress.com/,GEODB,1026103,,,,,,,1845.47541
IDN,Indonesia,PLTG Pemaron,WRI1000844,97,-8.1189,115.0887,Gas,,,,,PT. Indonesia Power,Indonesia Power Generation,https://repit.wordpress.com/,CARMA,1054581,,,,,,,426.2169399
IDN,Indonesia,PLTG Pesanggaran,WRI1000845,122,-8.7157,115.214,Gas,,,,,PT. Indonesia Power,Indonesia Power Generation,https://repit.wordpress.com/,CARMA,1026037,,,,,,,536.0666667
IDN,Indonesia,PLTG Priok,WRI1000846,52,-6.1071,106.8716,Gas,,,,,PT. Indonesia Power,Indonesia Power Generation,https://repit.wordpress.com/,WRI,,,,,,,,228.4874317
IDN,Indonesia,PLTG Sengkang/Wajo,WRI1000849,180,-5.14,119.4221,Gas,,,,,PT. Energy Sengkang,Indonesia Power Generation,https://repit.wordpress.com/,CARMA,1025923,,,,,,,790.9180328
IDN,Indonesia,PLTG Sunyaragi 1 2 3 4,WRI1000855,80,-7.4064,109.5842,Gas,,,,,PLN – Indonesia Power,Indonesia Power Generation,https://repit.wordpress.com/,CARMA,1026057,,,,,,,351.5191257
IDN,Indonesia,PLTG Tarakan,WRI1000858,23,3.3,117.6333,Gas,,,,,PT. Cahaya Sakti,Indonesia Power Generation,https://repit.wordpress.com/,CARMA,1064213,,,,,,,101.0617486
IDN,Indonesia,PLTG Tello,WRI1000859,123,-5.14,119.4221,Gas,,,,,PLN-South&South East Sulawesi Regional Unit,Indonesia Power Generation,https://repit.wordpress.com/,CARMA,1026174,,,,,,,540.4606557
IDN,Indonesia,PLTGB Singkawang,WRI1000867,9,0.9,109,Gas,,,,,PLT – rented from PT. Krista Inti Persada,Indonesia Power Generation,https://repit.wordpress.com/,CARMA,1041391,,,,,,,39.54590164
IDN,Indonesia,PLTGB Tanjung Batu,WRI1000868,2,-0.5,117.15,Gas,,,,,PLN – sewa,Indonesia Power Generation,https://repit.wordpress.com/,CARMA,1050072,,,,,,,8.787978142
IDN,Indonesia,PLTGU Bekasi Power,WRI1000870,130,-6.2611,107.1528,Gas,,,,,PT. Bekasi Power/PT. Kawasan Industri Jababeka Tbk,Indonesia Power Generation,https://repit.wordpress.com/,CARMA,1075035,,,,,,,571.2185792
IDN,Indonesia,PLTGU Belawan – Sicanang,WRI1000871,817,3.7715,98.6687,Gas,,,,,PLN / KITSUMBAGUT,Indonesia Power Generation,https://repit.wordpress.com/,WRI,1026045,,,,,,,3589.889071
IDN,Indonesia,PLTGU Cilegon,WRI1000874,903,-5.9306,106.1042,Gas,,,,,PLN Cilegon Generation Unit,Indonesia Power Generation,https://repit.wordpress.com/,WRI,,,,,,,,3967.772131
IDN,Indonesia,PLTGU Grati,WRI1000875,461,-7.6517,113.0244,Gas,,,,,PT. Indonesia Power,Indonesia Power Generation,https://repit.wordpress.com/,GEODB,1026069,,,,,,,2025.628962
IDN,Indonesia,PLTGU Gresik,WRI1000876,1579,-7.1633,112.6615,Gas,,,,,PLN – Java Bali Generation Unit / PT. PJB,Indonesia Power Generation,https://repit.wordpress.com/,GEODB,1026070,,,,,,,6938.108743
IDN,Indonesia,PLTGU Krakatau Daya Listrik (KDL),WRI1000878,400,-5.9924,105.9849,Gas,,,,,PT. Krakatau Daya Listrik,Indonesia Power Generation,https://repit.wordpress.com/,WRI,,,,,,,,1757.595628
IDN,Indonesia,PLTGU Muara Karang Block I,WRI1000879,509,-6.1087,106.7877,Gas,,,,,PLN – Java Bali Generation Unit / PT. PJB,Indonesia Power Generation,https://repit.wordpress.com/,GEODB,1026102,,,,,,,2236.540437
IDN,Indonesia,PLTGU Muara Karang repowering,WRI1000880,753,-6.1087,106.7877,Gas,,,,,PLN – Java Bali Generation Unit / PT. PJB,Indonesia Power Generation,https://repit.wordpress.com/,GEODB,1026102,,,,,,,3308.67377
IDN,Indonesia,PLTGU Muara Karang repowering Blok 2,WRI1000881,210,-6.1087,106.7877,Gas,,,,,PLN – Java Bali Generation Unit / PT. PJB,Indonesia Power Generation,https://repit.wordpress.com/,GEODB,1026102,,,,,,,922.7377049
IDN,Indonesia,PLTGU Muara Tawar Block 1 &2,WRI1000882,920,-6.0867,106.9987,Gas,,,,,PT. PJB,Indonesia Power Generation,https://repit.wordpress.com/,GEODB,1026103,,,,,,,4042.469945
IDN,Indonesia,PLTGU Muara Tawar Block 5,WRI1000883,384,-6.0867,106.9987,Gas,,,,,PT. PJB,Indonesia Power Generation,https://repit.wordpress.com/,GEODB,1026103,,,,,,,1687.291803
IDN,Indonesia,PLTGU Priok Block 1   2,WRI1000885,1180,-6.1102,106.8671,Gas,,,,,PT. Indonesia Power,Indonesia Power Generation,https://repit.wordpress.com/,WRI,,,,,,,,5184.907104
IDN,Indonesia,PLTGU Sengkang/Wajo,WRI1000886,135,-5.14,119.4221,Gas,,,,,PT. Energy Sengkang,Indonesia Power Generation,https://repit.wordpress.com/,CARMA,1025923,,,,,,,593.1885246
IDN,Indonesia,PLTGU Tambak Lorok,WRI1000887,1034,-6.9505,110.434,Gas,,,,,PLN – Indonesia Power,Indonesia Power Generation,https://repit.wordpress.com/,GEODB,1026156,,,,,,,4543.384699
IDN,Indonesia,PLTMG Panaran,WRI1000894,24,0.1807,101.8444,Gas,,,,,bright PLN Batam,Indonesia Power Generation,https://repit.wordpress.com/,CARMA,1060287,,,,,,,105.4557377
IDN,Indonesia,PLTMG Pulau Bunyu,WRI1000898,2,3.5,117.8333,Gas,,,,,PLN,Indonesia Power Generation,https://repit.wordpress.com/,CARMA,,,,,,,,8.787978142
IDN,Indonesia,PLTMG Tj. Jabung,WRI1000904,8,-1.0167,104.3667,Gas,,,,,PT. Tanjung Jabung Power,Indonesia Power Generation,https://repit.wordpress.com/,CARMA,,,,,,,,35.15191257
IDN,Indonesia,PLTU - Palu - Mpanau - Tawaeli,WRI1000906,30,-0.8917,119.8707,Coal,,,,,PT. Pusaka Jaya Palu Power,Indonesia Power Generation,https://repit.wordpress.com/,CARMA,,,,,,,,123.0682167
IDN,Indonesia,PLTU -Jeneponto I & II,WRI1000907,250,-5.6184,119.5506,Coal,,,,,PT Bosowa Energy,Indonesia Power Generation,https://repit.wordpress.com/,WRI,,,,,,,,1025.568472
IDN,Indonesia,PLTU Asam-asam 1 & 2,WRI1000910,260,-3.9253,115.1043,Coal,,,,,PLN - South Kalimantan Regional Unit,Indonesia Power Generation,https://repit.wordpress.com/,WRI,,,,,,,,1066.591211
IDN,Indonesia,PLTU Banjarsari/Merapi Timur-Lahat,WRI1000913,220,-3.7241,103.6894,Coal,,,,,PT. Bukit Pembangkit Inovatif (PT BA 59.75%  PT PJB 29.15% dan PT Navigate Innovative Indonesia (PT NII) 11.1%),Indonesia Power Generation,https://repit.wordpress.com/,WRI,1057264,,,,,,,902.5002557
IDN,Indonesia,PLTU Banten 1 - Suralaya unit 8,WRI1000914,625,-6.0585,106.4646,Coal,,,,,PLN -.PT Indonesia Power - 2010,Indonesia Power Generation,https://repit.wordpress.com/,GEODB,1026152,,,,,,,2563.921181
IDN,Indonesia,PLTU Banten 2 - Labuhan,WRI1000915,600,-6.3919,105.8288,Coal,,,,,PLN / 2010,Indonesia Power Generation,https://repit.wordpress.com/,WRI,,,,,,,,2461.364334
IDN,Indonesia,PLTU Banten 3 - Teluk Naga/Lontar,WRI1000916,945,-6.0585,106.4646,Coal,,,,,PLN + Dongfang Electrik Corp  PT Dalle Energy,Indonesia Power Generation,https://repit.wordpress.com/,GEODB,,,,,,,,3876.648826
IDN,Indonesia,PLTU Bilibili,WRI1000918,2,-2.5213,121.357,Coal,,,,,PLN-South&South East Sulawesi Regional Unit,Indonesia Power Generation,https://repit.wordpress.com/,CARMA,,,,,,,,8.204547779
IDN,Indonesia,PLTU Bukit Asam,WRI1000919,30,-3.7316,103.7975,Coal,,,,,PT BA for own use,Indonesia Power Generation,https://repit.wordpress.com/,GEODB,1026052,,,,,,,123.0682167
IDN,Indonesia,PLTU Cilacap 1 & 2,WRI1000920,600,-7.7513,109.0186,Coal,,,,,PT. Sumber Segara Primadaya,Indonesia Power Generation,https://repit.wordpress.com/,GEODB,1050225,,,,,,,2461.364334
IDN,Indonesia,PLTU Cirebon,WRI1000921,660,-6.7704,108.6151,Coal,,,,,PT. Cirebon Electric Power,Indonesia Power Generation,https://repit.wordpress.com/,GEODB,1066870,,,,,,,2707.500767
IDN,Indonesia,PLTU Embalut - Tanjung Batu,WRI1000925,50,-0.5,117.15,Coal,,,,,PT. Cahaya Fajar Kaltim,Indonesia Power Generation,https://repit.wordpress.com/,CARMA,1058260,,,,,,,205.1136945
IDN,Indonesia,PLTU Gresik,WRI1000929,600,-7.1633,112.6615,Coal,,,,,PLN - Java Bali Generation Unit / PT. PJB,Indonesia Power Generation,https://repit.wordpress.com/,WRI,1026070,,,,,,,2461.364334
IDN,Indonesia,PLTU Hendratna,WRI1000932,5,-2.5213,121.357,Coal,,,,,PT. Hendratna Plywood,Indonesia Power Generation,https://repit.wordpress.com/,CARMA,,,,,,,,20.51136945
IDN,Indonesia,PLTU Jabar Selatan - Pelabuhan Ratu,WRI1000938,1050,-7.0242,106.5464,Coal,,,,,PLN,Indonesia Power Generation,https://repit.wordpress.com/,GEODB,1066867,,,,,,,4307.387584
IDN,Indonesia,PLTU Jawa Barat - Indramayu,WRI1000939,990,-6.2747,107.9704,Coal,,,,,PLN + China National Electric Engineering Co.  Ltd. (CNEEC),Indonesia Power Generation,https://repit.wordpress.com/,GEODB,1071378,,,,,,,4061.251151
IDN,Indonesia,PLTU Jawa Tengah 1 - Rembang,WRI1000940,630,-6.636,111.4749,Coal,,,,,PLN(EPC : Zeland-Priamanaya-Tronoh),Indonesia Power Generation,https://repit.wordpress.com/,GEODB,1065762,,,,,,,2584.43255
IDN,Indonesia,PLTU Kaur,WRI1000943,200,-2.5213,121.357,Coal,,,,,PLN,Indonesia Power Generation,https://repit.wordpress.com/,CARMA,,,,,,,,820.4547779
IDN,Indonesia,PLTU Keramasan,WRI1000945,25,-2.5213,121.357,Coal,,,,,PLN-South Sumatera Generation Unit,Indonesia Power Generation,https://repit.wordpress.com/,CARMA,1026111,,,,,,,102.5568472
IDN,Indonesia,PLTU Kupang,WRI1000947,30,-2.5213,121.357,Coal,,,,,PT. Indonesia Power & electrindo Perkasa Utama,Indonesia Power Generation,https://repit.wordpress.com/,CARMA,1026086,,,,,,,123.0682167
IDN,Indonesia,PLTU Labuhan Angin,WRI1000948,230,1.7176,98.7265,Coal,,,,,PLN - North Sumatera Generation Unit,Indonesia Power Generation,https://repit.wordpress.com/,CARMA,1066585,,,,,,,943.5229946
IDN,Indonesia,PLTU Lati,WRI1000949,14,-2.5213,121.357,Coal,,,,,PLN - East Kalimantan Regional Unit,Indonesia Power Generation,https://repit.wordpress.com/,CARMA,1088444,,,,,,,57.43183445
IDN,Indonesia,PLTU Listrindo,WRI1000950,2.5,-2.5213,121.357,Coal,,,,,PT. Listrindo (IPP),Indonesia Power Generation,https://repit.wordpress.com/,CARMA,,,,,,,,10.25568472
IDN,Indonesia,PLTU Muara Karang,WRI1000954,400,-6.1069,106.7882,Coal,,,,,PLN - Java Bali Generation Unit / PT. PJB,Indonesia Power Generation,https://repit.wordpress.com/,WRI,1026102,,,,,,,1640.909556
IDN,Indonesia,PLTU NAD-Nagan Raya,WRI1000956,220,4.1089,96.1972,Coal,,,,,PLN (EPC : Sinohydro Co. Ltd),Indonesia Power Generation,https://repit.wordpress.com/,WRI,1073026,,,,,,,902.5002557
IDN,Indonesia,PLTU Ombilin - Sijantang - Sawahlunto,WRI1000960,200,-0.6094,100.7535,Coal,,,,,PLN-South Sumatera Generation Unit,Indonesia Power Generation,https://repit.wordpress.com/,GEODB,1026107,,,,,,,820.4547779
IDN,Indonesia,PLTU Paiton I Unit 7 & 8,WRI1000941,5355,-7.7184,113.5827,Coal,,,,,PT. Paiton Energy Corp,Indonesia Power Generation,https://repit.wordpress.com/,WRI,1026016,,,,,,,21967.67668
IDN,Indonesia,PLTU Pakerin,WRI1000965,34,-2.5213,121.357,Coal,,,,,PT. Pakerin (pulp industry),Indonesia Power Generation,https://repit.wordpress.com/,CARMA,,,,,,,,139.4773122
IDN,Indonesia,PLTU Pangkalan Bun,WRI1000966,14,-2.6833,111.6167,Coal,,,,,PT. Energi Listrik Indonesia (subsidiary of PT. Eksploitasi Energi Indonesia),Indonesia Power Generation,https://repit.wordpress.com/,CARMA,1026115,,,,,,,57.43183445
IDN,Indonesia,PLTU Pangkalan Susu 1 & 2,WRI1000967,400,4.1196,98.2555,Coal,,,,,PLN (EPC : PT. Bagus Karya  Guangdong Power Engineering  PT. Nincec Multi Dimensi),Indonesia Power Generation,https://repit.wordpress.com/,WRI,1079188,,,,,,,1640.909556
IDN,Indonesia,PLTU Perak,WRI1000970,100,-7.2492,112.7508,Coal,,,,,PLN - PT. Indonesia Power,Indonesia Power Generation,https://repit.wordpress.com/,CARMA,,,,,,,,410.2273889
IDN,Indonesia,PLTU Priok 3 & 4,WRI1000972,100,-6.1071,106.8716,Coal,,,,,PT. Indonesia Power,Indonesia Power Generation,https://repit.wordpress.com/,WRI,,,,,,,,410.2273889
IDN,Indonesia,PLTU Rancong,WRI1000974,30,-2.5213,121.357,Coal,,,,,PT. Jorindo Aceh Power,Indonesia Power Generation,https://repit.wordpress.com/,CARMA,,,,,,,,123.0682167
IDN,Indonesia,PLTU Sanggau,WRI1000975,14,-2.5213,121.357,Coal,,,,,PLN,Indonesia Power Generation,https://repit.wordpress.com/,CARMA,1102412,,,,,,,57.43183445
IDN,Indonesia,PLTU Simpang Belimbing,WRI1000978,227,-3.4,104.1158,Coal,,,,,PT. Guo Hua Energy Musi Makmur,Indonesia Power Generation,https://repit.wordpress.com/,WRI,1075907,,,,,,,931.2161729
IDN,Indonesia,PLTU Sulawesi Selatan - Barru/FTP1,WRI1000979,100,-4.2931,119.6326,Coal,,,,,PLN-South&South East Sulawesi Regional Unit,Indonesia Power Generation,https://repit.wordpress.com/,WRI,,,,,,,,410.2273889
IDN,Indonesia,PLTU Sumbar - Teluk sirih Unit 1,WRI1000980,112,-1.0772,100.3727,Coal,,,,,PLN (EPC: CNTIC (China National Tecnical Import Corporation)),Indonesia Power Generation,https://repit.wordpress.com/,WRI,1066878,,,,,,,459.4546756
IDN,Indonesia,PLTU Suparma,WRI1000981,27,-2.5213,121.357,Coal,,,,,PT. Suparma (pulp industry),Indonesia Power Generation,https://repit.wordpress.com/,CARMA,,,,,,,,110.761395
IDN,Indonesia,PLTU Suralaya,WRI1000982,3400,-5.892,106.03,Coal,,,,,PLN -.PT Indonesia Power,Indonesia Power Generation,https://repit.wordpress.com/,GEODB,1026152,,,,,,,13947.73122
IDN,Indonesia,PLTU Tabalong,WRI1000983,60,-2.5213,121.357,Coal,,,,,PT. Makmur Sejahtera Wisesa (owned by PT. Adaro),Indonesia Power Generation,https://repit.wordpress.com/,CARMA,,,,,,,,246.1364334
IDN,Indonesia,PLTU Tambak Lorok,WRI1000984,300,-6.9507,110.4304,Coal,,,,,PLN - PT. Indonesia Power,Indonesia Power Generation,https://repit.wordpress.com/,GEODB,1026156,,,,,,,1230.682167
IDN,Indonesia,PLTU Tanjung Alam Perkasa,WRI1000985,7.5,-2.5213,121.357,Coal,,,,,PT. Tanjung Alam Perkasa,Indonesia Power Generation,https://repit.wordpress.com/,CARMA,,,,,,,,30.76705417
IDN,Indonesia,PLTU Tanjung Enim -Bukit Asam,WRI1000988,260,-3.7316,103.7975,Coal,,,,,PLN-South Sumatera Generation Unit,Indonesia Power Generation,https://repit.wordpress.com/,GEODB,1076783,,,,,,,1066.591211
IDN,Indonesia,PLTU Tanjung Jati B,WRI1000990,1320,-6.446,110.7423,Coal,,,,,PT. Central Java Power,Indonesia Power Generation,https://repit.wordpress.com/,GEODB,1052927,,,,,,,5415.001534
IDN,Indonesia,PLTU Tanjung Jati B - expansion,WRI1000991,1324,-6.446,110.7423,Coal,,,,,PT. Central Java Power (EPC : Korea Midland Power Co),Indonesia Power Generation,https://repit.wordpress.com/,GEODB,1052927,,,,,,,5431.41063
IDN,Indonesia,PLTU Tanjung Kasam,WRI1000992,110,1.0455,104.133,Coal,,,,,PT. Tanjung Kasam Power Batam (PT. TJK Power),Indonesia Power Generation,https://repit.wordpress.com/,WRI,1060288,,,,,,,451.2501278
IDN,Indonesia,PLTU Tarahan # 1  2,WRI1000994,200,-5.518,105.35,Coal,,,,,Indonesia Power,Indonesia Power Generation,https://repit.wordpress.com/,WRI,1026163,,,,,,,820.4547779
IDN,Indonesia,PLTU Tarahan 3 & 4 - Sebalang,WRI1000995,200,-5.518,105.35,Coal,,,,,PLN,Indonesia Power Generation,https://repit.wordpress.com/,WRI,,,,,,,,820.4547779
IDN,Indonesia,PLTU Tello,WRI1000997,25,-5.14,119.4221,Coal,,,,,PLN-South&South East Sulawesi Regional Unit,Indonesia Power Generation,https://repit.wordpress.com/,CARMA,,,,,,,,102.5568472
IDN,Indonesia,PLTU Tonasa II (Boiler Turbine Generator),WRI1000999,70,-4.7846,119.6163,Coal,,,,,PT. Semen Gresik Tbk/PT. Semen Indonesia,Indonesia Power Generation,https://repit.wordpress.com/,WRI,,,,,,,,287.1591723
IDN,Indonesia,Pacitan power station,WRI1075812,630,-8.2578,111.3736,Coal,,,,2011,PT PLN Persero,GCPT,https://endcoal.org/global-coal-plant-tracker/,GCPT,,,,,,,,2584.43255
IDN,Indonesia,Pejengkolan/Mrica,WRI1000801,1.4,-7.5694,109.8006,Hydro,,,,,PLN - PT. Indonesia Power,Indonesia Power Generation,https://repit.wordpress.com/,CARMA,1026121,,,,,,,4.651117907
IDN,Indonesia,Pekanbaru Tenayan power station,WRI1075813,220,0.5644,101.5234,Coal,,,,2016,PT PLN Persero,GCPT,https://endcoal.org/global-coal-plant-tracker/,GCPT,,,,,,,,902.5002557
IDN,Indonesia,Pemaron BOO,WRI1000802,45,-8.1189,115.0887,Oil,,,,,PT. Cogindo DayaBersama - rental,Indonesia Power Generation,https://repit.wordpress.com/,CARMA,1054581,,,,,,,1641.408211
IDN,Indonesia,Perawang Mill power station,WRI1075814,755,0.6893,101.6191,Coal,,,,2009,PT Indah Kiat Pulp & Paper,GCPT,https://endcoal.org/global-coal-plant-tracker/,GCPT,,,,,,,,3097.216787
IDN,Indonesia,Pesanggaran,WRI1000803,75.78,-8.7157,115.214,Oil,,,,,INDONESIA POWER UNIT,Indonesia Power Generation,https://repit.wordpress.com/,CARMA,1026037,,,,,,,2764.131427
IDN,Indonesia,Pesanggaran BOO,WRI1000804,75,-8.7157,115.214,Oil,,,,,Anggreko International - rental,Indonesia Power Generation,https://repit.wordpress.com/,CARMA,1026037,,,,,,,2735.680351
IDN,Indonesia,Pesanggaran BOT,WRI1000805,51,-8.7157,115.214,Oil,,,,,Anggreko International - rental,Indonesia Power Generation,https://repit.wordpress.com/,CARMA,1026037,,,,,,,1860.262639
IDN,Indonesia,Plengan/Saguling,WRI1000806,6.87,-6.9039,107.6186,Hydro,,,,,PLN - PT. Indonesia Power,Indonesia Power Generation,https://repit.wordpress.com/,CARMA,,,,,,,,22.82370002
IDN,Indonesia,Purwakarta Indorama Power Station,WRI1075815,60,-6.5539,107.4137,Coal,,,,2006,PT Indorama Synthetics Tbk,GCPT,https://endcoal.org/global-coal-plant-tracker/,GCPT,,,,,,,,246.1364334
IDN,Indonesia,Riam Kanan/pangeran Muhamad Nur,WRI1001004,30,-3.5156,115.0074,Hydro,,,,,PLN,Indonesia Power Generation,https://repit.wordpress.com/,WRI,,,,,,,,99.66681229
IDN,Indonesia,Saguling,WRI1001005,700.72,-6.9126,107.3663,Hydro,,,,,PLN - PT. Indonesia Power,Indonesia Power Generation,https://repit.wordpress.com/,GEODB,1026135,,,,,,,2327.950957
IDN,Indonesia,Sempor/Mrica,WRI1001009,1,-7.4733,109.3331,Hydro,,,,,PLN - PT. Indonesia Power,Indonesia Power Generation,https://repit.wordpress.com/,CARMA,1050218,,,,,,,3.322227076
IDN,Indonesia,Sengguruh - Brantas,WRI1001010,29,-8.1764,112.551,Hydro,,,,,PLN - Java Bali Generation Unit / PT. PJB,Indonesia Power Generation,https://repit.wordpress.com/,CARMA,1026143,,,,,,,96.34458522
IDN,Indonesia,Sidorejo/Mrica,WRI1001013,1.4,-7.4764,110.2622,Hydro,,,,,PLN - PT. Indonesia Power,Indonesia Power Generation,https://repit.wordpress.com/,CARMA,1050222,,,,,,,4.651117907
IDN,Indonesia,Sigura gura (asahan II),WRI1001014,286,2.5196,99.2793,Hydro,,,,,PT. Indonesia Asahan aluminium,Indonesia Power Generation,https://repit.wordpress.com/,WRI,,,,,,,,950.1569439
IDN,Indonesia,Silae,WRI1001015,43.7,-0.8917,119.8707,Oil,,,,,PLN-Nth & Ctrl Sulawesi & Gorontalo Reg Unit,Indonesia Power Generation,https://repit.wordpress.com/,CARMA,1026112,,,,,,,1593.989751
IDN,Indonesia,Singkarak,WRI1001017,175,-0.6909,100.6034,Hydro,,,,,PLN-South Sumatera Generation Unit,Indonesia Power Generation,https://repit.wordpress.com/,CARMA,1026146,,,,,,,581.3897384
IDN,Indonesia,Sipansihaporas,WRI1001018,50,1.7427,98.7792,Hydro,,,,,PLN - North Sumatera Generation Unit,Indonesia Power Generation,https://repit.wordpress.com/,CARMA,1055420,,,,,,,166.1113538
IDN,Indonesia,Sulawesi Mining power station,WRI1075816,280,-2.8274,122.1553,Coal,,,,2016,Sulawesi Mining Investment,GCPT,https://endcoal.org/global-coal-plant-tracker/,GCPT,,,,,,,,1148.636689
IDN,Indonesia,Suppa - Pare pare,WRI1001020,60,-4.0135,119.6255,Oil,,,,,PT. Makasar Power (Alsons Power Holdings Corp + Toyota Tsusho Corp/Tomen + Singapore Power),Indonesia Power Generation,https://repit.wordpress.com/,CARMA,1026118,,,,,,,2188.544281
IDN,Indonesia,Sutami / Karangkates - Brantas,WRI1001021,105,-8.1606,112.4443,Hydro,,,,,PLN - Java Bali Generation Unit / PT. PJB,Indonesia Power Generation,https://repit.wordpress.com/,WRI,1026154,,,,,,,348.833843
IDN,Indonesia,Talang Padang,WRI1001023,12.5,-0.9492,100.3543,Oil,,,,,PLN-South Sumatera Generation Unit,Indonesia Power Generation,https://repit.wordpress.com/,CARMA,1093596,,,,,,,455.9467252
IDN,Indonesia,Tangga (asahan II),WRI1001024,317,2.5479,99.3028,Hydro,,,,,PT. Indonesia Asahan aluminium,Indonesia Power Generation,https://repit.wordpress.com/,WRI,1025945,,,,,,,1053.145983
IDN,Indonesia,Tanjung Awar-Awar power station,WRI1075817,700,-6.8105,111.9955,Coal,,,,2012,PT PLN Persero,GCPT,https://endcoal.org/global-coal-plant-tracker/,GCPT,,,,,,,,2871.591723
IDN,Indonesia,Tegineneng,WRI1001028,28.2,-5.6015,104.7988,Oil,,,,,PLN-South Sumatera Generation Unit,Indonesia Power Generation,https://repit.wordpress.com/,CARMA,1026165,,,,,,,1028.615812
IDN,Indonesia,Tello,WRI1001031,50.092,-5.14,119.4221,Oil,,,,,PLN-South&South East Sulawesi Regional Unit,Indonesia Power Generation,https://repit.wordpress.com/,CARMA,1026174,,,,,,,1827.142669
IDN,Indonesia,Tenau Kupang,WRI1001033,34.73,-10.1667,123.5833,Oil,,,,,PLN - East Nusa Tenggara Regional Unit/NTT,Indonesia Power Generation,https://repit.wordpress.com/,CARMA,1026086,,,,,,,1266.802381
IDN,Indonesia,Timo / Mrica,WRI1001035,12,-6.9485,110.4069,Hydro,,,,,PLN - PT. Indonesia Power,Indonesia Power Generation,https://repit.wordpress.com/,CARMA,1026168,,,,,,,39.86672492
IDN,Indonesia,Tulungagung - Brantas,WRI1001038,36,-8.0657,111.9025,Hydro,,,,,PLN - Java Bali Generation Unit / PT. PJB,Indonesia Power Generation,https://repit.wordpress.com/,CARMA,1026172,,,,,,,119.6001748
IDN,Indonesia,Ubrug/saguling,WRI1001039,18.36,-6.9039,107.6186,Hydro,,,,,PLN - PT. Indonesia Power,Indonesia Power Generation,https://repit.wordpress.com/,CARMA,,,,,,,,60.99608912
IDN,Indonesia,Ulubelu 1 & 2,WRI1001040,110,-5.3096,104.5733,Geothermal,,,,,PT. PLN,Indonesia Power Generation,https://repit.wordpress.com/,WRI,1011547,,,,,,,822.7868852
IDN,Indonesia,Wayang Windu,WRI1001044,227,-7.1966,107.6258,Geothermal,,,,,PT. Star Energy,Indonesia Power Generation,https://repit.wordpress.com/,WRI,1010414,,,,,,,1697.932936
IDN,Indonesia,Wlingi - Brantas,WRI1001045,54,-8.0776,112.3311,Hydro,,,,,PLN - Java Bali Generation Unit / PT. PJB,Indonesia Power Generation,https://repit.wordpress.com/,CARMA,1026178,,,,,,,179.4002621
IDN,Indonesia,Wonorejo - Pamekasan,WRI1001046,6.3,-8.1136,112.2869,Hydro,,,,,PLN - Java Bali Generation Unit / PT. PJB,Indonesia Power Generation,https://repit.wordpress.com/,CARMA,1055424,,,,,,,20.93003058
MYS,Malaysia,Batang Al,WRI1000280,103,1.1472,111.8743,Hydro,,,,,,Penisular Malaysia Electricity Supply Company,http://www.st.gov.my/index.php/component/k2/item/606-peninsular-malaysia-electricity-supply-industry-outlook-2014.html,GEODB,1028018,,,,,,,693.2951232
MYS,Malaysia,Bersia,WRI1000233,48,5.4297,101.2092,Hydro,,,,,,Penisular Malaysia Electricity Supply Company,http://www.st.gov.my/index.php/component/k2/item/606-peninsular-malaysia-electricity-supply-industry-outlook-2014.html,GEODB,1031175,,,,,,,323.0889894
MYS,Malaysia,Bukit Palong Solar Power Plant,WRI1026640,3,2.5823,101.8313,Solar,,,,,Gaya Dunia Sdn Bhd,Cypark Resources Board,http://innogenetic.com/cypark/index.php/2014-07-02-17-02-16/2014-07-02-17-02-52/renewable-energy,WRI,,,,,,,,8.901960784
MYS,Malaysia,Connought Bridge,WRI1000246,828,3.0433,101.4696,Gas,,,,,,Penisular Malaysia Electricity Supply Company,http://www.st.gov.my/index.php/component/k2/item/606-peninsular-malaysia-electricity-supply-industry-outlook-2014.html,GEODB,,,,,,,,4586.362191
MYS,Malaysia,GB3,WRI1000244,640,4.3923,100.5897,Gas,,,,,,Penisular Malaysia Electricity Supply Company,http://www.st.gov.my/index.php/component/k2/item/606-peninsular-malaysia-electricity-supply-industry-outlook-2014.html,GEODB,,,,,,,,3545.014254
MYS,Malaysia,Gebeng Solar Power Plant,WRI1026641,10,3.9924,103.3682,Solar,,,,,Petronas,Metta Energy,http://www.mettaenergy.com.my/projects/view/10mw-petronas-solar-plant-gebeng,WRI,1106006,,,,,,,29.67320261
MYS,Malaysia,Gelugor,WRI1000231,330,5.3803,100.3147,Gas,,,,,,Penisular Malaysia Electricity Supply Company,http://www.st.gov.my/index.php/component/k2/item/606-peninsular-malaysia-electricity-supply-industry-outlook-2014.html,GEODB,1047801,,,,,,,1827.897974
MYS,Malaysia,Gemas Solar Power Plant,WRI1026642,10.2,2.5956,102.6216,Solar,,,,,Yingli Solar,Yingli Solar,http://d9no22y7yqre8.cloudfront.net/assets/uploads/projects/downloads/AseanCaseStudy_Malaysia_Solarfarm_10MW%20Amcorp%20Gemas_v4.pdf,WRI,1097699,,,,,,,30.26666667
MYS,Malaysia,Genting Sanyen,WRI1000248,762,2.7977,101.6493,Gas,,,,,,Penisular Malaysia Electricity Supply Company,http://www.st.gov.my/index.php/component/k2/item/606-peninsular-malaysia-electricity-supply-industry-outlook-2014.html,GEODB,,,,,,,,4220.782596
MYS,Malaysia,Hijau Solar Power Plant,WRI1026643,8,2.3409,102.2168,Solar,,,,,Gading Kencana Sdn Bhd,Gading Kencana,http://gadingkencana.com.my/utility-scale-solar-farm/,WRI,1103292,,,,,,,23.73856209
MYS,Malaysia,Hulu Terengganu,WRI1000283,250,5.1545,102.6054,Hydro,,,,,,Penisular Malaysia Electricity Supply Company,http://www.st.gov.my/index.php/component/k2/item/606-peninsular-malaysia-electricity-supply-industry-outlook-2014.html,GEODB,,,,,,,,1682.755153
MYS,Malaysia,Jimah power station,WRI1000256,1400,2.5903,101.7246,Coal,,,,2009,Jimah Energy Ventures Sdn Bhd,Penisular Malaysia Electricity Supply Company,http://www.st.gov.my/index.php/component/k2/item/606-peninsular-malaysia-electricity-supply-industry-outlook-2014.html,GCPT,1010546,,,,,,,6010.289142
MYS,Malaysia,Kapar Energy Ventures (KEV),WRI1000245,2420,3.1167,101.3217,Gas,,,,,,Penisular Malaysia Electricity Supply Company,http://www.st.gov.my/index.php/component/k2/item/606-peninsular-malaysia-electricity-supply-industry-outlook-2014.html,WRI,,,,,,,,13404.58515
MYS,Malaysia,Kenering,WRI1000232,120,5.2153,101.098,Hydro,,,,,,Penisular Malaysia Electricity Supply Company,http://www.st.gov.my/index.php/component/k2/item/606-peninsular-malaysia-electricity-supply-industry-outlook-2014.html,GEODB,1031179,,,,,,,807.7224736
MYS,Malaysia,Kenyir,WRI1000239,400,5.0229,102.9109,Hydro,,,,,,Penisular Malaysia Electricity Supply Company,http://www.st.gov.my/index.php/component/k2/item/606-peninsular-malaysia-electricity-supply-industry-outlook-2014.html,GEODB,1046865,,,,,,,2692.408245
MYS,Malaysia,Kuala Lumpur Airport Solar Power Plant,WRI1026644,19,2.7791,101.7144,Solar,,,,,Kuala Lumpur International Airport (KLIA),Malaysia Airports,http://www.malaysiaairports.com.my/?m=media_centre&c=news&id=364,WRI,1101460,,,,,,,56.37908497
MYS,Malaysia,Kuala Perlis Solar Power Plant,WRI1026645,6,6.4105,100.1378,Solar,,,,,Ambang Fiesta Sdn Bhd,Cypark Resources Board,http://innogenetic.com/cypark/index.php/2014-07-02-17-02-16/2014-07-02-17-02-52/renewable-energy,WRI,,,,,,,,17.80392157
MYS,Malaysia,Kuala Sawah Solar Power Plant,WRI1026646,5.3,2.6355,101.9404,Solar,,,,,Cypark Renewable Energy Sdn Bhd,Cypark Resources Board,http://innogenetic.com/cypark/index.php/2014-07-02-17-02-16/2014-07-02-17-02-52/renewable-energy,WRI,,,,,,,,15.72679739
MYS,Malaysia,MIRI,WRI1000276,79,4.4148,114.0089,Gas,,,,,,Penisular Malaysia Electricity Supply Company,http://www.st.gov.my/index.php/component/k2/item/606-peninsular-malaysia-electricity-supply-industry-outlook-2014.html,CARMA,1028047,,,,,,,437.5876969
MYS,Malaysia,Manjung power station,WRI1000255,4180,4.1586,100.6423,Coal,,,,2009,TNB Janamanjung Sdn Bhd,GCPT,https://endcoal.org/global-coal-plant-tracker/,GEODB,1031404,,,,,,,17945.00615
MYS,Malaysia,Melawa (SESB),WRI1000260,44,6.0887,116.1574,Oil,,,,,,Penisular Malaysia Electricity Supply Company,http://www.st.gov.my/index.php/component/k2/item/606-peninsular-malaysia-electricity-supply-industry-outlook-2014.html,GEODB,1010320,,,,,,,862.6966292
MYS,Malaysia,Mukah Coal power station,WRI1000277,270,2.9685,112.3239,Coal,,,,2009,Sarawak Energy Bhd Group,GCPT,https://endcoal.org/global-coal-plant-tracker/,GCPT,1065636,,,,,,,1159.127192
MYS,Malaysia,Pahlawan Power,WRI1000253,322,2.2238,102.1519,Gas,,,,,,Penisular Malaysia Electricity Supply Company,http://www.st.gov.my/index.php/component/k2/item/606-peninsular-malaysia-electricity-supply-industry-outlook-2014.html,GEODB,,,,,,,,1783.585296
MYS,Malaysia,Pajam Solar Power Plant,WRI1026647,13,2.8357,101.8488,Solar,,,,,Cypark Suria (Pajam) Sdn Bhd,Cypark Resources Board,http://innogenetic.com/cypark/index.php/2014-07-02-17-02-16/2014-07-02-17-02-52/renewable-energy,WRI,1090563,,,,,,,38.5751634
MYS,Malaysia,Paka,WRI1000258,1136,4.6017,103.4495,Gas,,,,,,Penisular Malaysia Electricity Supply Company,http://www.st.gov.my/index.php/component/k2/item/606-peninsular-malaysia-electricity-supply-industry-outlook-2014.html,GEODB,1031198,,,,,,,6292.4003
MYS,Malaysia,Pergau,WRI1000238,600,5.625,101.7031,Hydro,,,,,,Penisular Malaysia Electricity Supply Company,http://www.st.gov.my/index.php/component/k2/item/606-peninsular-malaysia-electricity-supply-industry-outlook-2014.html,GEODB,1031191,,,,,,,4038.612368
MYS,Malaysia,Prai Power,WRI1000230,350,5.3752,100.374,Gas,,,,,,Penisular Malaysia Electricity Supply Company,http://www.st.gov.my/index.php/component/k2/item/606-peninsular-malaysia-electricity-supply-industry-outlook-2014.html,GEODB,,,,,,,,1938.67967
MYS,Malaysia,Putrajaya,WRI1000247,625,2.9659,101.6847,Gas,,,,,,Penisular Malaysia Electricity Supply Company,http://www.st.gov.my/index.php/component/k2/item/606-peninsular-malaysia-electricity-supply-industry-outlook-2014.html,GEODB,,,,,,,,3461.927982
MYS,Malaysia,Ranhill Powertron (IPP),WRI1000262,190,6.0918,116.163,Gas,,,,,,Penisular Malaysia Electricity Supply Company,http://www.st.gov.my/index.php/component/k2/item/606-peninsular-malaysia-electricity-supply-industry-outlook-2014.html,GEODB,,,,,,,,1052.426107
MYS,Malaysia,Ranhill Powertron II (IPP),WRI1000261,130,6.0918,116.163,Gas,,,,,,Penisular Malaysia Electricity Supply Company,http://www.st.gov.my/index.php/component/k2/item/606-peninsular-malaysia-electricity-supply-industry-outlook-2014.html,GEODB,,,,,,,,720.0810203
MYS,Malaysia,Rimba Terjun Solar Power Plant,WRI1026648,2,1.4721,103.3925,Solar,,,,,Rentak Raya Sdn Bhd,Cypark Resources Board,http://innogenetic.com/cypark/index.php/2014-07-02-17-02-16/2014-07-02-17-02-52/renewable-energy,WRI,,,,,,,,5.934640523
MYS,Malaysia,SG. Piah Lower,WRI1000235,54,4.3945,101.1947,Hydro,,,,,,Penisular Malaysia Electricity Supply Company,http://www.st.gov.my/index.php/component/k2/item/606-peninsular-malaysia-electricity-supply-industry-outlook-2014.html,CARMA,,,,,,,,363.4751131
MYS,Malaysia,Sandakan Power Corporation(IPP),WRI1000265,34,5.8124,118.0642,Oil,,,,,,Penisular Malaysia Electricity Supply Company,http://www.st.gov.my/index.php/component/k2/item/606-peninsular-malaysia-electricity-supply-industry-outlook-2014.html,GEODB,1047114,,,,,,,666.6292135
MYS,Malaysia,Segari,WRI1000243,1303,4.3908,100.5894,Gas,,,,,,Penisular Malaysia Electricity Supply Company,http://www.st.gov.my/index.php/component/k2/item/606-peninsular-malaysia-electricity-supply-industry-outlook-2014.html,GEODB,1028852,,,,,,,7217.427457
MYS,Malaysia,Seguntor Bio Energy (IPP),WRI1000266,12,5.8402,118.1179,Biomass,,,,,,Penisular Malaysia Electricity Supply Company,http://www.st.gov.my/index.php/component/k2/item/606-peninsular-malaysia-electricity-supply-industry-outlook-2014.html,CARMA,,,,,,,,701
MYS,Malaysia,Sejingkat power station,WRI1000279,210,1.6377,110.4654,Coal,,,,2001,Sejingkat Power Corp,GCPT,https://endcoal.org/global-coal-plant-tracker/,GCPT,1052828,,,,,,,901.5433713
MYS,Malaysia,Sepangar Bay Power Corporation (IPP),WRI1000263,100,6.0909,116.1667,Gas,,,,,,Penisular Malaysia Electricity Supply Company,http://www.st.gov.my/index.php/component/k2/item/606-peninsular-malaysia-electricity-supply-industry-outlook-2014.html,GEODB,1064547,,,,,,,553.9084771
MYS,Malaysia,Serudong Power,WRI1000275,36,4.2826,117.889,Oil,,,,,,Penisular Malaysia Electricity Supply Company,http://www.st.gov.my/index.php/component/k2/item/606-peninsular-malaysia-electricity-supply-industry-outlook-2014.html,GEODB,,,,,,,,705.8426966
MYS,Malaysia,Sultan Aziz power station,WRI1075863,1600,3.1172,101.3204,Coal,,,,1996,Kapar Energy Ventures Sdn Bhd,GCPT,https://endcoal.org/global-coal-plant-tracker/,GCPT,,,,,,,,6868.901876
MYS,Malaysia,TG. Kidurong,WRI1000281,192,3.288,113.0926,Gas,,,,,,Penisular Malaysia Electricity Supply Company,http://www.st.gov.my/index.php/component/k2/item/606-peninsular-malaysia-electricity-supply-industry-outlook-2014.html,GEODB,,,,,,,,1063.504276
MYS,Malaysia,TNB Prai,WRI1000284,1071,5.3744,100.3746,Gas,,,,,,Penisular Malaysia Electricity Supply Company,http://www.st.gov.my/index.php/component/k2/item/606-peninsular-malaysia-electricity-supply-industry-outlook-2014.html,WRI,1031192,,,,,,,5932.35979
MYS,Malaysia,Tanjung Bin power station,WRI1000254,3244,1.334,103.5422,Coal,,,,2010,Malakoff Bhd,GCPT,https://endcoal.org/global-coal-plant-tracker/,GEODB,,,,,,,,13926.69855
MYS,Malaysia,Tawau Power Station (SESB),WRI1000274,64,4.2826,117.888,Oil,,,,,,Penisular Malaysia Electricity Supply Company,http://www.st.gov.my/index.php/component/k2/item/606-peninsular-malaysia-electricity-supply-industry-outlook-2014.html,GEODB,1027722,,,,,,,1254.831461
MYS,Malaysia,Teknologi Tenaga Perlis Consortium,WRI1000228,650,6.3404,100.1568,Gas,,,,,,Penisular Malaysia Electricity Supply Company,http://www.st.gov.my/index.php/component/k2/item/606-peninsular-malaysia-electricity-supply-industry-outlook-2014.html,GEODB,1025387,,,,,,,3600.405101
MYS,Malaysia,Temenggor,WRI1000237,348,5.407,101.301,Hydro,,,,,,Penisular Malaysia Electricity Supply Company,http://www.st.gov.my/index.php/component/k2/item/606-peninsular-malaysia-electricity-supply-industry-outlook-2014.html,GEODB,1031210,,,,,,,2342.395173
MYS,Malaysia,Tenom Pangi,WRI1000273,66,5.1333,115.95,Hydro,,,,,,Penisular Malaysia Electricity Supply Company,http://www.st.gov.my/index.php/component/k2/item/606-peninsular-malaysia-electricity-supply-industry-outlook-2014.html,CARMA,1061303,,,,,,,444.2473605
MYS,Malaysia,Tg. Bin Energy,WRI1000285,2100,1.3348,103.5422,Coal,,,,2016,,Penisular Malaysia Electricity Supply Company,http://www.st.gov.my/index.php/component/k2/item/606-peninsular-malaysia-electricity-supply-industry-outlook-2014.html,WRI,,,,,,,,9015.433713
MYS,Malaysia,Tuanku Jaafar (PDI),WRI1000250,714,2.533,101.7912,Gas,,,,,,Penisular Malaysia Electricity Supply Company,http://www.st.gov.my/index.php/component/k2/item/606-peninsular-malaysia-electricity-supply-industry-outlook-2014.html,GEODB,1031214,,,,,,,3954.906527
MYS,Malaysia,Tyanku Jaafar (PDII),WRI1000251,708,2.5327,101.791,Gas,,,,,,Penisular Malaysia Electricity Supply Company,http://www.st.gov.my/index.php/component/k2/item/606-peninsular-malaysia-electricity-supply-industry-outlook-2014.html,WRI,,,,,,,,3921.672018
MYS,Malaysia,YTL Paka,WRI1000257,780,4.6017,103.4495,Gas,,,,,,Penisular Malaysia Electricity Supply Company,http://www.st.gov.my/index.php/component/k2/item/606-peninsular-malaysia-electricity-supply-industry-outlook-2014.html,GEODB,1033688,,,,,,,4320.486122
PHL,Philippines,AGUS 1,WRI1001957,80,8.0046,124.2868,Hydro,,,,,,Philippines Department of Energy,https://www.doe.gov.ph/list-existing-power-plants,GEODB,1023463,,,,,,,214.9187028
PHL,Philippines,AGUS 2,WRI1001958,180,8.0528,124.2709,Hydro,,,,,,Philippines Department of Energy,https://www.doe.gov.ph/list-existing-power-plants,GEODB,1023464,,,,,,,483.5670812
PHL,Philippines,AGUS 4,WRI1001959,158.1,8.1336,124.1983,Hydro,,,,,,Philippines Department of Energy,https://www.doe.gov.ph/list-existing-power-plants,GEODB,1023466,,,,,,,424.7330864
PHL,Philippines,AGUS 5,WRI1001960,309,8.1937,124.1915,Hydro,,,,,,Philippines Department of Energy,https://www.doe.gov.ph/list-existing-power-plants,GEODB,,,,,,,,830.1234895
PHL,Philippines,AMBUKLAO,WRI1001902,105,16.4588,120.7452,Hydro,,,,,,Philippines Department of Energy,https://www.doe.gov.ph/list-existing-power-plants,GEODB,1023471,,,,,,,282.0807974
PHL,Philippines,ANGAT,WRI1001900,246,14.9098,121.1603,Hydro,,,,,,Philippines Department of Energy,https://www.doe.gov.ph/list-existing-power-plants,GEODB,1023474,,,,,,,660.875011
PHL,Philippines,Anda,WRI1029959,83.7,15.2342,120.6109,Coal,,,,2016,Anda Power Corporation,Philippines Department of Energy,https://www.doe.gov.ph/list-existing-power-plants,WRI,,,,,,,,316.8623
PHL,Philippines,Armenia Solar,WRI1029964,8.8,15.4605,120.5918,Solar,,,,2016,nv vogt Philippines Solar Energy Four  Inc. (nv vogt 4),Philippines Department of Energy,https://www.doe.gov.ph/list-existing-power-plants,WRI,,,,,,,,0.211538462
PHL,Philippines,Avion,WRI1029960,100,13.7606,121.046,Gas,,,,2016,Prime Meridian PowerGen Corp.,Philippines Department of Energy,https://www.doe.gov.ph/list-existing-power-plants,WRI,1102334,,,,,,,547.9331574
PHL,Philippines,BACMAN,WRI1001889,130,13.0547,123.9678,Geothermal,,,,,,Philippines Department of Energy,https://www.doe.gov.ph/list-existing-power-plants,GEODB,1023478|1106851,,,,,,,725.0514014
PHL,Philippines,BAJADA DPP,WRI1001966,58.7,7.0731,125.6128,Oil,,,,,,Philippines Department of Energy,https://www.doe.gov.ph/list-existing-power-plants,CARMA,,,,,,,,162.9588055
PHL,Philippines,BAKUN,WRI1001904,70,16.8861,120.5304,Hydro,,,,,,Philippines Department of Energy,https://www.doe.gov.ph/list-existing-power-plants,CARMA,1022084,,,,,,,188.0538649
PHL,Philippines,BANGUI WIND POWER,WRI1001906,33,18.5658,120.7275,Wind,,,,,,Philippines Department of Energy,https://www.doe.gov.ph/list-existing-power-plants,CARMA,1056055,,,,,,,96.64739884
PHL,Philippines,BAUANG DPP,WRI1001879,235.2,16.4907,120.3261,Oil,,,,,,Philippines Department of Energy,https://www.doe.gov.ph/list-existing-power-plants,GEODB,1010796,,,,,,,652.9456738
PHL,Philippines,BINGA,WRI1001903,132,16.3944,120.729,Hydro,,,,,,Philippines Department of Energy,https://www.doe.gov.ph/list-existing-power-plants,GEODB,1023482,,,,,,,354.6158596
PHL,Philippines,BOTOCAN,WRI1001899,22.8,14.1463,121.4729,Hydro,,,,,,Philippines Department of Energy,https://www.doe.gov.ph/list-existing-power-plants,CARMA,1023486,,,,,,,61.25183029
PHL,Philippines,Balingasag power station,WRI1030489,165,8.7662,124.7685,Coal,,,,2017,Minergy Coal Corporation,GCPT,https://endcoal.org/global-coal-plant-tracker/,WRI,,,,,,,,624.6389427
PHL,Philippines,Bangui Wind Power Ph3,WRI1001907,18.9,18.5658,120.7275,Wind,,,,,,Philippines Department of Energy,https://www.doe.gov.ph/list-existing-power-plants,CARMA,,,,,,,,55.35260116
PHL,Philippines,CALIBU DPP,WRI1001912,30,15.1114,120.6053,Oil,,,,,,Philippines Department of Energy,https://www.doe.gov.ph/list-existing-power-plants,CARMA,1064229,,,,,,,83.28388697
PHL,Philippines,CALIRAYA,WRI1001898,35,14.2992,121.4705,Hydro,,,,,,Philippines Department of Energy,https://www.doe.gov.ph/list-existing-power-plants,GEODB,1023490,,,,,,,94.02693246
PHL,Philippines,CASA,WRI1001947,15,14.5481,120.9969,Biomass,,,,,,Philippines Department of Energy,https://www.doe.gov.ph/list-existing-power-plants,CARMA,1070001,,,,,,,83.69098712
PHL,Philippines,CASECNAN (NIA),WRI1001905,165,15.8462,121.1998,Hydro,,,,,,Philippines Department of Energy,https://www.doe.gov.ph/list-existing-power-plants,GEODB,,,,,,,,443.2698245
PHL,Philippines,CEBU DPP (Salcon),WRI1001938,43.4,10.2185,123.7577,Oil,,,,,,Philippines Department of Energy,https://www.doe.gov.ph/list-existing-power-plants,GEODB,,,,,,,,120.4840232
PHL,Philippines,CEBU TPP(Salcon),WRI1001921,106.8,10.2185,123.7577,Coal,,,,,,Philippines Department of Energy,https://www.doe.gov.ph/list-existing-power-plants,GEODB,,,,,,,,404.311752
PHL,Philippines,COTABATO LIGHT,WRI1001965,10,7.2236,124.2464,Oil,,,,,,Philippines Department of Energy,https://www.doe.gov.ph/list-existing-power-plants,CARMA,1013380,,,,,,,27.76129566
PHL,Philippines,CW Home Depot Solar,WRI1030484,1.7,14.2666,121.079,Solar,,,,2017,CW Marketing & Development Corporation,Philippines Department of Energy,https://www.doe.gov.ph/list-existing-power-plants,WRI,,,,,,,,0.040865385
PHL,Philippines,Cabanatuan Solar,WRI1023900,10.3,15.4968,120.9921,Solar,,,,2016,First Cabanatuan Renewable Ventures  Inc.,Philippines Department of Energy,https://www.doe.gov.ph/list-existing-power-plants,WRI,1113177,,,,,,,0.247596154
PHL,Philippines,Calaca power station,WRI1001870,900,13.9303,120.7886,Coal,,,,2007,SEM-Calaca Power Corp,GCPT,https://endcoal.org/global-coal-plant-tracker/,GEODB,1023488,,,,,,,3407.121505
PHL,Philippines,Calatagan Solar,WRI1023901,63.3,13.9155,120.6498,Solar,,,,2016,Solar Philippines Calatagan Cororation,Philippines Department of Energy,https://www.doe.gov.ph/list-existing-power-plants,WRI,1107183,,,,,,,1.521634615
PHL,Philippines,Calumangan DPP,WRI1023893,23,10.581,122.8878,Oil,,,,2016,Central Negros Power Reliability Inc.,Philippines Department of Energy,https://www.doe.gov.ph/list-existing-power-plants,WRI,,,,,,,,63.85098001
PHL,Philippines,Clark Solar,WRI1023905,22.3,15.0736,120.5893,Solar,,,,2016,Enfinity Phillippines Renewable Resources Inc.,Philippines Department of Energy,https://www.doe.gov.ph/list-existing-power-plants,WRI,1090026,,,,,,,0.536057692
PHL,Philippines,Cosmo Solar,WRI1030488,5.7,10.6163,122.1683,Solar,,,,2017,Cosmo Solar Energy  Inc,Philippines Department of Energy,https://www.doe.gov.ph/list-existing-power-plants,WRI,1105289,,,,,,,0.137019231
PHL,Philippines,Currimao Solar,WRI1023902,20,18.0508,120.4858,Solar,,,,2016,Mirae Asia Energy Corp.,Philippines Department of Energy,https://www.doe.gov.ph/list-existing-power-plants,WRI,1094969,,,,,,,0.480769231
PHL,Philippines,Davao San Miguel power station,WRI1029969,300,6.3943,125.6173,Coal,,,,2017,SMC Global Power Holdings,GCPT,https://endcoal.org/global-coal-plant-tracker/,WRI,,,,,,,,1135.707168
PHL,Philippines,Davao Therma South power station,WRI1075845,300,6.9644,125.4797,Coal,,,,2016,ThermaSouth,GCPT,https://endcoal.org/global-coal-plant-tracker/,GCPT,,,,,,,,1135.707168
PHL,Philippines,Digos Solar,WRI1023914,28.6,6.7718,125.2853,Solar,,,,2016,Enfinity Phillippines Renewable Resources Inc.,Philippines Department of Energy,https://www.doe.gov.ph/list-existing-power-plants,WRI,1107735,,,,,,,0.6875
PHL,Philippines,First Toledo Solar,WRI1030473,60,10.4152,123.6789,Solar,,,,2017,First Toledo Solar Energy Corporation,Philippines Department of Energy,https://www.doe.gov.ph/list-existing-power-plants,WRI,,,,,,,,1.442307692
PHL,Philippines,GUIMARAS POWER,WRI1001936,3.4,10.6584,122.5963,Oil,,,,,,Philippines Department of Energy,https://www.doe.gov.ph/list-existing-power-plants,CARMA,1061438,,,,,,,9.438840523
PHL,Philippines,Helios,WRI1023909,132.5,14.1033,121.5423,Solar,,,,2016,Helios Solar Energy Corporation (HSEC),Philippines Department of Energy,https://www.doe.gov.ph/list-existing-power-plants,WRI,,,,,,,,3.185096154
PHL,Philippines,ILIJAN,WRI1001886,1271,13.622,121.0795,Gas,,,,,,Philippines Department of Energy,https://www.doe.gov.ph/list-existing-power-plants,GEODB,1020748,,,,,,,6964.230431
PHL,Philippines,Islasol II,WRI1023911,32,10.4216,122.9348,Solar,,,,2016,Negros Island Solar Power Inc. (ILASOL),Philippines Department of Energy,https://www.doe.gov.ph/list-existing-power-plants,WRI,,,,,,,,0.769230769
PHL,Philippines,Islasol III,WRI1030474,48,10.4249,122.9282,Solar,,,,2016,Negros Island Solar Power Inc. (ILASOL),Philippines Department of Energy,https://www.doe.gov.ph/list-existing-power-plants,WRI,,,,,,,,1.153846154
PHL,Philippines,KALAYAAN PSPP,WRI1001896,739.2,14.3168,121.4739,Hydro,,,,,,Philippines Department of Energy,https://www.doe.gov.ph/list-existing-power-plants,GEODB,1023516,,,,,,,1985.848814
PHL,Philippines,Kibawe Solar,WRI1023913,10.5,7.5546,124.9616,Solar,,,,2016,AsiaGreen Energy Corporation,Philippines Department of Energy,https://www.doe.gov.ph/list-existing-power-plants,WRI,,,,,,,,0.252403846
PHL,Philippines,LEYTE GPP,WRI1001942,112.5,11.1308,124.6553,Geothermal,,,,,,Philippines Department of Energy,https://www.doe.gov.ph/list-existing-power-plants,GEODB,,,,,,,,627.4483281
PHL,Philippines,LIMAY CCGT,WRI1001884,620,14.5434,120.5987,Oil,,,,,,Philippines Department of Energy,https://www.doe.gov.ph/list-existing-power-plants,GEODB,,,,,,,,1721.200331
PHL,Philippines,Limay power station,WRI1075846,300,14.5204,120.6027,Coal,,,,2018,SMC Consolidated Power Corp,GCPT,https://endcoal.org/global-coal-plant-tracker/,GCPT,,,,,,,,1135.707168
PHL,Philippines,MAGAT,WRI1001897,360,16.8293,121.4537,Hydro,,,,,,Philippines Department of Energy,https://www.doe.gov.ph/list-existing-power-plants,GEODB,1023522,,,,,,,967.1341625
PHL,Philippines,MAKBAN,WRI1001888,442.8,14.0881,121.2264,Geothermal,,,,,,Philippines Department of Energy,https://www.doe.gov.ph/list-existing-power-plants,GEODB,,,,,,,,2469.636619
PHL,Philippines,MAKBAN-Binary,WRI1001891,15.7,14.1447,121.3152,Geothermal,,,,,,Philippines Department of Energy,https://www.doe.gov.ph/list-existing-power-plants,CARMA,,,,,,,,87.56390001
PHL,Philippines,MALAYA,WRI1001883,650,14.3959,121.3337,Oil,,,,,,Philippines Department of Energy,https://www.doe.gov.ph/list-existing-power-plants,GEODB,1023523,,,,,,,1804.484218
PHL,Philippines,MANITO-Lowland,WRI1001892,1.5,13.1235,123.8693,Geothermal,,,,,,Philippines Department of Energy,https://www.doe.gov.ph/list-existing-power-plants,CARMA,1064221,,,,,,,8.365977708
PHL,Philippines,MT APO,WRI1001956,109,7.0083,125.0894,Geothermal,,,,,,Philippines Department of Energy,https://www.doe.gov.ph/list-existing-power-plants,CARMA,1025096,,,,,,,607.9277135
PHL,Philippines,Mariveles Power Plant,WRI1001875,600,14.4252,120.537,Coal,,,,2013,Sithe GN Power,GCPT,https://endcoal.org/global-coal-plant-tracker/,GCPT,1054104,,,,,,,2271.414337
PHL,Philippines,Mariveles Solar,WRI1030471,18,14.4503,120.5355,Solar,,,,2017,Next Generation Power Technology Corporation,Philippines Department of Energy,https://www.doe.gov.ph/list-existing-power-plants,WRI,,,,,,,,0.432692308
PHL,Philippines,Masinloc power station,WRI1001871,660,15.5645,119.9233,Coal,,,,1998,SMC Global Power,GCPT,https://endcoal.org/global-coal-plant-tracker/,GEODB,1023529,,,,,,,2498.555771
PHL,Philippines,Mindanao Steag power station,WRI1001962,232,8.5725,124.7573,Coal,,,,2006,STEAG State Power Inc,GCPT,https://endcoal.org/global-coal-plant-tracker/,GEODB,1051729,,,,,,,878.2802103
PHL,Philippines,Misamis Oriental power station,WRI1029968,405,8.5601,124.7465,Coal,,,,2016,FDC Misimas Power Corp,GCPT,https://endcoal.org/global-coal-plant-tracker/,WRI,1099105,,,,,,,1533.204677
PHL,Philippines,Morong Solar,WRI1030485,5,14.6912,120.2667,Solar,,,,2017,SPARC Solar Powered Agri-Rural Communities Corporation,Philippines Department of Energy,https://www.doe.gov.ph/list-existing-power-plants,WRI,,,,,,,,0.120192308
PHL,Philippines,NAC DPP,WRI1030490,10.9,9.7189,125.5081,Oil,,,,2017,Nickel Asia Corporation,Philippines Department of Energy,https://www.doe.gov.ph/list-existing-power-plants,WRI,,,,,,,,30.25981227
PHL,Philippines,Naga power complex,WRI1075847,311,10.2175,123.7606,Coal,,,,2001,SPC Power Corp,GCPT,https://endcoal.org/global-coal-plant-tracker/,GCPT,,,,,,,,1177.349765
PHL,Philippines,PACERM-1,WRI1030491,10.5,8.5577,124.508,Oil,,,,2016,PACERM-1 Energy Corporation,Philippines Department of Energy,https://www.doe.gov.ph/list-existing-power-plants,WRI,,,,,,,,29.14936044
PHL,Philippines,PALINPINON GPP,WRI1001941,192.5,9.3031,123.2141,Geothermal,,,,,,Philippines Department of Energy,https://www.doe.gov.ph/list-existing-power-plants,GEODB,1023554,,,,,,,1073.633806
PHL,Philippines,PANTABANGAN-MASIWAY,WRI1001901,132,15.8107,121.109,Hydro,,,,,,Philippines Department of Energy,https://www.doe.gov.ph/list-existing-power-plants,GEODB,1023530,,,,,,,354.6158596
PHL,Philippines,PB 101,WRI1001931,32,11.5301,122.3975,Oil,,,,,,Philippines Department of Energy,https://www.doe.gov.ph/list-existing-power-plants,CARMA,,,,,,,,88.8361461
PHL,Philippines,PB 104,WRI1001951,32,7.0731,125.6128,Oil,,,,,,Philippines Department of Energy,https://www.doe.gov.ph/list-existing-power-plants,CARMA,,,,,,,,88.8361461
PHL,Philippines,PCPC,WRI1029966,135,11.1872,123.121,Coal,,,,2016,Palm Concepcion Power Corporation (PCPC),Philippines Department of Energy,https://www.doe.gov.ph/list-existing-power-plants,WRI,,,,,,,,511.0682258
PHL,Philippines,PEDC Coal,WRI1001923,314,10.7235,122.5961,Coal,,,,,,Philippines Department of Energy,https://www.doe.gov.ph/list-existing-power-plants,WRI,,,,,,,,1188.706836
PHL,Philippines,PETERSVILLE DPP,WRI1001913,9,15.15,120.5833,Oil,,,,,,Philippines Department of Energy,https://www.doe.gov.ph/list-existing-power-plants,CARMA,1010181,,,,,,,24.98516609
PHL,Philippines,PULANGI 4,WRI1001961,255,7.7156,125.0236,Hydro,,,,,,Philippines Department of Energy,https://www.doe.gov.ph/list-existing-power-plants,GEODB,1023564,,,,,,,685.0533651
PHL,Philippines,Pagbilao power station,WRI1001869,1154,13.8932,121.745,Coal,,,,2004,Team Energy Corp  Therma Power,GCPT,https://endcoal.org/global-coal-plant-tracker/,GEODB,1013255,,,,,,,4368.686908
PHL,Philippines,Palauig Solar,WRI1023906,5,15.4408,119.9856,Solar,,,,2016,SPARC Solar Powered Agri-Rural Communities Corp.,Philippines Department of Energy,https://www.doe.gov.ph/list-existing-power-plants,WRI,,,,,,,,0.120192308
PHL,Philippines,Petrosolar,WRI1023898,50.1,15.4467,120.618,Solar,,,,2016,PetroSolar Corporation,Philippines Department of Energy,https://www.doe.gov.ph/list-existing-power-plants,WRI,,,,,,,,1.204326923
PHL,Philippines,Quezon power station,WRI1001873,440,14.2296,121.7558,Coal,,,,2000,Quezon Power Co,GCPT,https://endcoal.org/global-coal-plant-tracker/,GEODB,1024714,,,,,,,1665.703847
PHL,Philippines,SACASOL P1,WRI1001948,21,10.5158,123.4351,Solar,,,,,,Philippines Department of Energy,https://www.doe.gov.ph/list-existing-power-plants,WRI,1099858,,,,,,,0.504807692
PHL,Philippines,SAN CARLOS,WRI1001945,8.3,10.9844,122.7711,Biomass,,,,,,Philippines Department of Energy,https://www.doe.gov.ph/list-existing-power-plants,CARMA,1064119,,,,,,,46.30901288
PHL,Philippines,SAN LORENZO,WRI1001887,530,13.7717,124.0349,Gas,,,,,,Philippines Department of Energy,https://www.doe.gov.ph/list-existing-power-plants,WRI,1017046,,,,,,,2904.045734
PHL,Philippines,SAN ROQUE,WRI1001894,411,16.1462,120.6837,Hydro,,,,,,Philippines Department of Energy,https://www.doe.gov.ph/list-existing-power-plants,GEODB,1023567,,,,,,,1104.144835
PHL,Philippines,SCPC U1,WRI1030470,300,14.5247,120.5964,Coal,,,,2017,San Miguel Consolidated Power Corporation,Philippines Department of Energy,https://www.doe.gov.ph/list-existing-power-plants,WRI,,,,,,,,1135.707168
PHL,Philippines,SEC,WRI1023892,118,5.871,125.0789,Coal,,,,2016,Sarangani Energy Corporation (SEC),Philippines Department of Energy,https://www.doe.gov.ph/list-existing-power-plants,WRI,,,,,,,,446.7114863
PHL,Philippines,SLPGC,WRI1023890,300,13.9201,120.8265,Coal,,,,2016,South Luzon Thermal Energy Corporation,Philippines Department of Energy,https://www.doe.gov.ph/list-existing-power-plants,WRI,,,,,,,,1135.707168
PHL,Philippines,SLTEC Putting Bato,WRI1023889,270,13.9328,120.7909,Coal,,,,2016,South Luzon Thermal Energy Corporation,Philippines Department of Energy,https://www.doe.gov.ph/list-existing-power-plants,WRI,,,,,,,,1022.136452
PHL,Philippines,SPPC,WRI1001950,59,6.1018,125.2905,Oil,,,,,,Philippines Department of Energy,https://www.doe.gov.ph/list-existing-power-plants,CARMA,1046858,,,,,,,163.7916444
PHL,Philippines,STA RITA,WRI1001885,1060,13.7703,121.035,Gas,,,,,,Philippines Department of Energy,https://www.doe.gov.ph/list-existing-power-plants,GEODB,,,,,,,,5808.091469
PHL,Philippines,SUBIC DPP,WRI1001877,116,14.88,120.2343,Oil,,,,,,Philippines Department of Energy,https://www.doe.gov.ph/list-existing-power-plants,CARMA,1016537,,,,,,,322.0310296
PHL,Philippines,Sacasun,WRI1023910,59,10.5116,123.4351,Solar,,,,2016,San Carlos Sun Power Inc.,Philippines Department of Energy,https://www.doe.gov.ph/list-existing-power-plants,WRI,,,,,,,,1.418269231
PHL,Philippines,San Gabriel,WRI1029961,450,13.7769,121.0261,Gas,,,,2016,First NatGas Power Corp.,Philippines Department of Energy,https://www.doe.gov.ph/list-existing-power-plants,WRI,1066595,,,,,,,2465.699208
PHL,Philippines,San Luis,WRI1030472,1,15.6854,121.4748,Hydro,,,,2017,Epower Technologies Corp.,Philippines Department of Energy,https://www.doe.gov.ph/list-existing-power-plants,WRI,1058810,,,,,,,2.686483785
PHL,Philippines,San Rafael Solar,WRI1030486,3.8,15.0074,120.973,Solar,,,,2017,SPARC Solar Powered Agri-Rural Communities Corporation,Philippines Department of Energy,https://www.doe.gov.ph/list-existing-power-plants,WRI,,,,,,,,0.091346154
PHL,Philippines,Sarrat Solar,WRI1030487,1,18.1359,120.6762,Solar,,,,2017,Bosung Solartec Ic (BOSUNG),Philippines Department of Energy,https://www.doe.gov.ph/list-existing-power-plants,WRI,,,,,,,,0.024038462
PHL,Philippines,Sepalco,WRI1029967,45,11.121,124.9723,Solar,,,,2016,Sulu Electric Power and Light Inc.,Philippines Department of Energy,https://www.doe.gov.ph/list-existing-power-plants,WRI,,,,,,,,1.081730769
PHL,Philippines,Silay Solar,WRI1023912,25,10.8055,122.9908,Solar,,,,2016,Megawatt Clean Energy (MCEI),Philippines Department of Energy,https://www.doe.gov.ph/list-existing-power-plants,WRI,1111968,,,,,,,0.600961538
PHL,Philippines,Sta. Rita Solar,WRI1029962,7.1,14.8052,120.3634,Solar,,,,2016,JOBIN,Philippines Department of Energy,https://www.doe.gov.ph/list-existing-power-plants,WRI,,,,,,,,0.170673077
PHL,Philippines,Sual power station,WRI1001872,1218,16.1243,120.1012,Coal,,,,1999,SMC Global Power Holdings Corp.,GCPT,https://endcoal.org/global-coal-plant-tracker/,GEODB,1013257,,,,,,,4610.971104
PHL,Philippines,TIWI,WRI1001890,234,13.4655,123.6486,Geothermal,,,,,,Philippines Department of Energy,https://www.doe.gov.ph/list-existing-power-plants,GEODB,1025521,,,,,,,1305.092522
PHL,Philippines,TOLEDO POWER CORP. (Sangi Sta),WRI1001920,88.8,10.3871,123.6401,Coal,,,,,,Philippines Department of Energy,https://www.doe.gov.ph/list-existing-power-plants,GEODB,1031810,,,,,,,336.1693219
PHL,Philippines,UNIFIED LEYTE,WRI1001943,610.2,11.1308,124.6553,Geothermal,,,,,,Philippines Department of Energy,https://www.doe.gov.ph/list-existing-power-plants,GEODB,,,,,,,,3403.279732
PHL,Philippines,UPPC,WRI1030480,30,14.8952,120.7715,Coal,,,,1998,United Pulp & Paper Co. Inc,Philippines Department of Energy,https://www.doe.gov.ph/list-existing-power-plants,WRI,,,,,,,,113.5707168
PHL,Philippines,Valenzuela Solar,WRI1023903,9,14.7019,120.954,Solar,,,,2016,Valenzuela Solar Energy Inc. Absolut Distillers Inc.,Philippines Department of Energy,https://www.doe.gov.ph/list-existing-power-plants,WRI,1111032,,,,,,,0.216346154
PHL,Philippines,WMPC,WRI1001954,113,7.0694,122.2014,Oil,,,,,,Philippines Department of Energy,https://www.doe.gov.ph/list-existing-power-plants,CARMA,1033310,,,,,,,313.7026409
PHL,Philippines,YH Green,WRI1023899,14.5,14.8323,120.4476,Solar,,,,2016,YH Green Energy incorporated,Philippines Department of Energy,https://www.doe.gov.ph/list-existing-power-plants,WRI,,,,,,,,0.348557692
SGP,Singapore,Jurong Island - PLP CCGT Power Plant Singapore,GEODB0045352,800,1.2843,103.725,Gas,,,,,,GEODB,http://globalenergyobservatory.org,GEODB,1054199,2017,,,,,,3939.865997
SGP,Singapore,Keppel Merlimau Cogen Power Plant Singapore,GEODB0042425,1300,1.2824,103.675,Gas,,,,,,GEODB,http://globalenergyobservatory.org,GEODB,,2017,,,,,,6402.282245
SGP,Singapore,Keppel Seghers Tuas WTE Plant Singapore,GEODB0003828,22,1.2987,103.6215,Waste,,,,,,GEODB,http://globalenergyobservatory.org,GEODB,1085144,2017,,,,,,175.443038
SGP,Singapore,Pasir Panjang Gas Turbine Power Station Singapore,GEODB0004720,210,1.2715,103.7989,Gas,,,,,,GEODB,http://globalenergyobservatory.org,GEODB,,2017,,,,,,1034.214824
SGP,Singapore,PowerSeraya OCGT Power Plant Singapore,GEODB0004889,210,1.2813,103.7239,Gas,,,,,,GEODB,http://globalenergyobservatory.org,GEODB,,2017,,,,,,1034.214824
SGP,Singapore,PowerSeraya Pulau Seraya CCGT Cogen Power Plant Singapore,GEODB0004960,1540,1.2765,103.7266,Gas,,,,,,GEODB,http://globalenergyobservatory.org,GEODB,1025750,2017,,,,,,7584.242044
SGP,Singapore,PowerSeraya Pulau Seraya Oil Power Station Singapore,GEODB0004961,2250,1.28,103.727,Oil,,,,,,GEODB,http://globalenergyobservatory.org,GEODB,1025750,2017,,,,,,196.5189873
SGP,Singapore,SembCorp Pulau Sakra CCGT Cogen Power Station Singapore,GEODB0004959,1215,1.254,103.7026,Gas,,,,,,GEODB,http://globalenergyobservatory.org,GEODB,,2017,,,,,,5983.671482
SGP,Singapore,Senoko I-VII CCGT Power Plants Singapore,GEODB0005331,2807,1.4655,103.7996,Gas,,,,,,GEODB,http://globalenergyobservatory.org,GEODB,1025695,2017,,,,,,13824.00482
SGP,Singapore,Senoko Thermal Power Station Singapore,GEODB0003827,500,1.464,103.7976,Oil,,,,,,GEODB,http://globalenergyobservatory.org,GEODB,1025695,2017,,,,,,43.67088608
SGP,Singapore,Senoko WTE Incineration Plant Singapore,GEODB0005333,56,1.4624,103.795,Waste,,,,,,GEODB,http://globalenergyobservatory.org,GEODB,1022783,2017,,,,,,446.5822785
SGP,Singapore,Tuas CCGT Power Station Singapore,GEODB0005795,1470,1.2888,103.6414,Gas,,,,,,GEODB,http://globalenergyobservatory.org,GEODB,1032064,2017,,,,,,7239.503769
SGP,Singapore,Tuas Oil Power Station Singapore,GEODB0005796,1200,1.2896,103.6397,Oil,,,,,,GEODB,http://globalenergyobservatory.org,GEODB,1032064,2017,,,,,,104.8101266
SGP,Singapore,Tuas South WTE Incineration Plant Singapore,GEODB0005797,80,1.2959,103.6205,Waste,,,,,,GEODB,http://globalenergyobservatory.org,GEODB,1080323,2017,,,,,,637.9746835